source	target	reference	reference_source
KE:177	AOP:3	KE in AOP:3	AOP-Wiki
KE:889	AOP:3	KE in AOP:3	AOP-Wiki
KE:896	AOP:3	AO in AOP:3	AOP-Wiki
KE:887	AOP:3	KE in AOP:3	AOP-Wiki
KE:188	AOP:3	KE in AOP:3	AOP-Wiki
KE:890	AOP:3	KE in AOP:3	AOP-Wiki
KE:888	AOP:3	MIE in AOP:3	AOP-Wiki
KE:103	AOP:4	MIE in AOP:4	AOP-Wiki
KE:350	AOP:4	AO in AOP:4	AOP-Wiki
KE:1264	AOP:4	KE in AOP:4	AOP-Wiki
KE:1265	AOP:4	KE in AOP:4	AOP-Wiki
KE:993	AOP:4	KE in AOP:4	AOP-Wiki
KE:990	AOP:4	KE in AOP:4	AOP-Wiki
KE:1266	AOP:4	KE in AOP:4	AOP-Wiki
KE:1268	AOP:4	KE in AOP:4	AOP-Wiki
KE:988	AOP:4	KE in AOP:4	AOP-Wiki
KE:1267	AOP:4	KE in AOP:4	AOP-Wiki
KE:998	AOP:6	MIE in AOP:6	AOP-Wiki
KE:863	AOP:6	KE in AOP:6	AOP-Wiki
KE:861	AOP:6	KE in AOP:6	AOP-Wiki
KE:1528	AOP:6	KE in AOP:6	AOP-Wiki
KE:1000	AOP:6	KE in AOP:6	AOP-Wiki
KE:858	AOP:6	KE in AOP:6	AOP-Wiki
KE:862	AOP:6	KE in AOP:6	AOP-Wiki
KE:864	AOP:6	AO in AOP:6	AOP-Wiki
KE:219	AOP:7	KE in AOP:7	AOP-Wiki
KE:406	AOP:7	AO in AOP:7	AOP-Wiki
KE:408	AOP:7	MIE in AOP:7	AOP-Wiki
KE:405	AOP:7	AO in AOP:7	AOP-Wiki
KE:3	AOP:7	KE in AOP:7	AOP-Wiki
KE:756	AOP:8	KE in AOP:8	AOP-Wiki
KE:319	AOP:8	AO in AOP:8	AOP-Wiki
KE:757	AOP:8	KE in AOP:8	AOP-Wiki
KE:961	AOP:8	KE in AOP:8	AOP-Wiki
KE:295	AOP:8	KE in AOP:8	AOP-Wiki
KE:239	AOP:8	MIE in AOP:8	AOP-Wiki
KE:280	AOP:8	KE in AOP:8	AOP-Wiki
KE:281	AOP:8	KE in AOP:8	AOP-Wiki
KE:758	AOP:8	KE in AOP:8	AOP-Wiki
KE:613	AOP:10	AO in AOP:10	AOP-Wiki
KE:682	AOP:10	KE in AOP:10	AOP-Wiki
KE:667	AOP:10	MIE in AOP:10	AOP-Wiki
KE:64	AOP:10	KE in AOP:10	AOP-Wiki
KE:616	AOP:10	KE in AOP:10	AOP-Wiki
KE:669	AOP:10	KE in AOP:10	AOP-Wiki
KE:55	AOP:12	KE in AOP:12	AOP-Wiki
KE:52	AOP:12	KE in AOP:12	AOP-Wiki
KE:341	AOP:12	AO in AOP:12	AOP-Wiki
KE:352	AOP:12	AO in AOP:12	AOP-Wiki
KE:201	AOP:12	MIE in AOP:12	AOP-Wiki
KE:188	AOP:12	KE in AOP:12	AOP-Wiki
KE:195	AOP:12	KE in AOP:12	AOP-Wiki
KE:381	AOP:12	KE in AOP:12	AOP-Wiki
KE:55	AOP:13	KE in AOP:13	AOP-Wiki
KE:52	AOP:13	KE in AOP:13	AOP-Wiki
KE:382	AOP:13	KE in AOP:13	AOP-Wiki
KE:385	AOP:13	KE in AOP:13	AOP-Wiki
KE:341	AOP:13	AO in AOP:13	AOP-Wiki
KE:386	AOP:13	KE in AOP:13	AOP-Wiki
KE:201	AOP:13	MIE in AOP:13	AOP-Wiki
KE:383	AOP:13	KE in AOP:13	AOP-Wiki
KE:195	AOP:13	KE in AOP:13	AOP-Wiki
KE:381	AOP:13	KE in AOP:13	AOP-Wiki
KE:185	AOP:15	KE in AOP:15	AOP-Wiki
KE:97	AOP:15	MIE in AOP:15	AOP-Wiki
KE:155	AOP:15	KE in AOP:15	AOP-Wiki
KE:336	AOP:15	AO in AOP:15	AOP-Wiki
KE:360	AOP:16	AO in AOP:16	AOP-Wiki
KE:10	AOP:16	KE in AOP:16	AOP-Wiki
KE:445	AOP:16	KE in AOP:16	AOP-Wiki
KE:12	AOP:16	MIE in AOP:16	AOP-Wiki
KE:1703	AOP:16	KE in AOP:16	AOP-Wiki
KE:351	AOP:16	AO in AOP:16	AOP-Wiki
KE:39	AOP:16	KE in AOP:16	AOP-Wiki
KE:1488	AOP:17	KE in AOP:17	AOP-Wiki
KE:55	AOP:17	KE in AOP:17	AOP-Wiki
KE:1487	AOP:17	MIE in AOP:17	AOP-Wiki
KE:341	AOP:17	AO in AOP:17	AOP-Wiki
KE:386	AOP:17	KE in AOP:17	AOP-Wiki
KE:1493	AOP:17	KE in AOP:17	AOP-Wiki
KE:1538	AOP:17	KE in AOP:17	AOP-Wiki
KE:1492	AOP:17	KE in AOP:17	AOP-Wiki
KE:188	AOP:17	KE in AOP:17	AOP-Wiki
KE:1392	AOP:17	KE in AOP:17	AOP-Wiki
KE:266	AOP:18	KE in AOP:18	AOP-Wiki
KE:447	AOP:18	KE in AOP:18	AOP-Wiki
KE:289	AOP:18	KE in AOP:18	AOP-Wiki
KE:406	AOP:18	AO in AOP:18	AOP-Wiki
KE:413	AOP:18	KE in AOP:18	AOP-Wiki
KE:227	AOP:18	MIE in AOP:18	AOP-Wiki
KE:348	AOP:18	AO in AOP:18	AOP-Wiki
KE:1690	AOP:18	KE in AOP:18	AOP-Wiki
KE:310	AOP:19	KE in AOP:19	AOP-Wiki
KE:337	AOP:19	AO in AOP:19	AOP-Wiki
KE:26	AOP:19	MIE in AOP:19	AOP-Wiki
KE:286	AOP:19	KE in AOP:19	AOP-Wiki
KE:240	AOP:19	KE in AOP:19	AOP-Wiki
KE:1269	AOP:21	KE in AOP:21	AOP-Wiki
KE:947	AOP:21	AO in AOP:21	AOP-Wiki
KE:944	AOP:21	KE in AOP:21	AOP-Wiki
KE:317	AOP:21	KE in AOP:21	AOP-Wiki
KE:18	AOP:21	MIE in AOP:21	AOP-Wiki
KE:360	AOP:23	AO in AOP:23	AOP-Wiki
KE:129	AOP:23	KE in AOP:23	AOP-Wiki
KE:219	AOP:23	KE in AOP:23	AOP-Wiki
KE:285	AOP:23	KE in AOP:23	AOP-Wiki
KE:221	AOP:23	KE in AOP:23	AOP-Wiki
KE:274	AOP:23	KE in AOP:23	AOP-Wiki
KE:78	AOP:23	KE in AOP:23	AOP-Wiki
KE:309	AOP:23	KE in AOP:23	AOP-Wiki
KE:25	AOP:23	MIE in AOP:23	AOP-Wiki
KE:3	AOP:23	KE in AOP:23	AOP-Wiki
KE:360	AOP:25	AO in AOP:25	AOP-Wiki
KE:36	AOP:25	MIE in AOP:25	AOP-Wiki
KE:219	AOP:25	KE in AOP:25	AOP-Wiki
KE:285	AOP:25	KE in AOP:25	AOP-Wiki
KE:221	AOP:25	KE in AOP:25	AOP-Wiki
KE:78	AOP:25	KE in AOP:25	AOP-Wiki
KE:309	AOP:25	KE in AOP:25	AOP-Wiki
KE:3	AOP:25	KE in AOP:25	AOP-Wiki
KE:357	AOP:27	AO in AOP:27	AOP-Wiki
KE:214	AOP:27	KE in AOP:27	AOP-Wiki
KE:1115	AOP:27	KE in AOP:27	AOP-Wiki
KE:149	AOP:27	KE in AOP:27	AOP-Wiki
KE:41	AOP:27	MIE in AOP:27	AOP-Wiki
KE:87	AOP:27	KE in AOP:27	AOP-Wiki
KE:288	AOP:27	KE in AOP:27	AOP-Wiki
KE:209	AOP:27	KE in AOP:27	AOP-Wiki
KE:243	AOP:28	KE in AOP:28	AOP-Wiki
KE:79	AOP:28	MIE in AOP:28	AOP-Wiki
KE:119	AOP:28	KE in AOP:28	AOP-Wiki
KE:253	AOP:28	AO in AOP:28	AOP-Wiki
KE:106	AOP:28	KE in AOP:28	AOP-Wiki
KE:49	AOP:28	KE in AOP:28	AOP-Wiki
KE:360	AOP:30	AO in AOP:30	AOP-Wiki
KE:285	AOP:30	KE in AOP:30	AOP-Wiki
KE:221	AOP:30	KE in AOP:30	AOP-Wiki
KE:78	AOP:30	KE in AOP:30	AOP-Wiki
KE:309	AOP:30	KE in AOP:30	AOP-Wiki
KE:112	AOP:30	MIE in AOP:30	AOP-Wiki
KE:177	AOP:34	KE in AOP:34	AOP-Wiki
KE:89	AOP:34	KE in AOP:34	AOP-Wiki
KE:115	AOP:34	KE in AOP:34	AOP-Wiki
KE:66	AOP:34	KE in AOP:34	AOP-Wiki
KE:116	AOP:34	KE in AOP:34	AOP-Wiki
KE:258	AOP:34	KE in AOP:34	AOP-Wiki
KE:54	AOP:34	KE in AOP:34	AOP-Wiki
KE:291	AOP:34	KE in AOP:34	AOP-Wiki
KE:228	AOP:34	MIE in AOP:34	AOP-Wiki
KE:345	AOP:34	AO in AOP:34	AOP-Wiki
KE:264	AOP:34	KE in AOP:34	AOP-Wiki
KE:167	AOP:34	MIE in AOP:34	AOP-Wiki
KE:10081	AOP:34	KE in AOP:34	AOP-Wiki
KE:232	AOP:36	MIE in AOP:36	AOP-Wiki
KE:233	AOP:36	MIE in AOP:36	AOP-Wiki
KE:231	AOP:36	MIE in AOP:36	AOP-Wiki
KE:179	AOP:36	KE in AOP:36	AOP-Wiki
KE:459	AOP:36	AO in AOP:36	AOP-Wiki
KE:8	AOP:36	KE in AOP:36	AOP-Wiki
KE:140	AOP:36	KE in AOP:36	AOP-Wiki
KE:327	AOP:36	KE in AOP:36	AOP-Wiki
KE:1171	AOP:37	KE in AOP:37	AOP-Wiki
KE:716	AOP:37	KE in AOP:37	AOP-Wiki
KE:719	AOP:37	AO in AOP:37	AOP-Wiki
KE:227	AOP:37	MIE in AOP:37	AOP-Wiki
KE:1170	AOP:37	KE in AOP:37	AOP-Wiki
KE:55	AOP:38	KE in AOP:38	AOP-Wiki
KE:344	AOP:38	AO in AOP:38	AOP-Wiki
KE:68	AOP:38	KE in AOP:38	AOP-Wiki
KE:265	AOP:38	KE in AOP:38	AOP-Wiki
KE:1493	AOP:38	KE in AOP:38	AOP-Wiki
KE:1492	AOP:38	KE in AOP:38	AOP-Wiki
KE:244	AOP:38	MIE in AOP:38	AOP-Wiki
KE:272	AOP:39	KE in AOP:39	AOP-Wiki
KE:396	AOP:39	MIE in AOP:39	AOP-Wiki
KE:1496	AOP:39	KE in AOP:39	AOP-Wiki
KE:398	AOP:39	KE in AOP:39	AOP-Wiki
KE:313	AOP:39	AO in AOP:39	AOP-Wiki
KE:272	AOP:40	KE in AOP:40	AOP-Wiki
KE:396	AOP:40	MIE in AOP:40	AOP-Wiki
KE:826	AOP:40	KE in AOP:40	AOP-Wiki
KE:827	AOP:40	AO in AOP:40	AOP-Wiki
KE:398	AOP:40	KE in AOP:40	AOP-Wiki
KE:165	AOP:41	MIE in AOP:41	AOP-Wiki
KE:139	AOP:41	KE in AOP:41	AOP-Wiki
KE:856	AOP:41	AO in AOP:41	AOP-Wiki
KE:854	AOP:41	KE in AOP:41	AOP-Wiki
KE:853	AOP:41	KE in AOP:41	AOP-Wiki
KE:756	AOP:42	KE in AOP:42	AOP-Wiki
KE:757	AOP:42	KE in AOP:42	AOP-Wiki
KE:279	AOP:42	MIE in AOP:42	AOP-Wiki
KE:277	AOP:42	KE in AOP:42	AOP-Wiki
KE:280	AOP:42	KE in AOP:42	AOP-Wiki
KE:402	AOP:42	AO in AOP:42	AOP-Wiki
KE:281	AOP:42	KE in AOP:42	AOP-Wiki
KE:758	AOP:42	KE in AOP:42	AOP-Wiki
KE:1001	AOP:43	AO in AOP:43	AOP-Wiki
KE:298	AOP:43	KE in AOP:43	AOP-Wiki
KE:28	AOP:43	KE in AOP:43	AOP-Wiki
KE:110	AOP:43	KE in AOP:43	AOP-Wiki
KE:305	AOP:43	MIE in AOP:43	AOP-Wiki
KE:177	AOP:48	KE in AOP:48	AOP-Wiki
KE:875	AOP:48	MIE in AOP:48	AOP-Wiki
KE:389	AOP:48	KE in AOP:48	AOP-Wiki
KE:55	AOP:48	KE in AOP:48	AOP-Wiki
KE:618	AOP:48	KE in AOP:48	AOP-Wiki
KE:341	AOP:48	AO in AOP:48	AOP-Wiki
KE:352	AOP:48	KE in AOP:48	AOP-Wiki
KE:388	AOP:48	KE in AOP:48	AOP-Wiki
KE:188	AOP:48	KE in AOP:48	AOP-Wiki
KE:851	AOP:54	KE in AOP:54	AOP-Wiki
KE:381	AOP:54	KE in AOP:54	AOP-Wiki
KE:385	AOP:54	KE in AOP:54	AOP-Wiki
KE:341	AOP:54	AO in AOP:54	AOP-Wiki
KE:386	AOP:54	KE in AOP:54	AOP-Wiki
KE:424	AOP:54	MIE in AOP:54	AOP-Wiki
KE:277	AOP:54	KE in AOP:54	AOP-Wiki
KE:280	AOP:54	KE in AOP:54	AOP-Wiki
KE:425	AOP:54	KE in AOP:54	AOP-Wiki
KE:281	AOP:54	KE in AOP:54	AOP-Wiki
KE:468	AOP:58	MIE in AOP:58	AOP-Wiki
KE:66	AOP:58	KE in AOP:58	AOP-Wiki
KE:463	AOP:58	KE in AOP:58	AOP-Wiki
KE:54	AOP:58	KE in AOP:58	AOP-Wiki
KE:458	AOP:58	KE in AOP:58	AOP-Wiki
KE:228	AOP:58	MIE in AOP:58	AOP-Wiki
KE:457	AOP:58	KE in AOP:58	AOP-Wiki
KE:451	AOP:58	KE in AOP:58	AOP-Wiki
KE:167	AOP:58	MIE in AOP:58	AOP-Wiki
KE:454	AOP:58	KE in AOP:58	AOP-Wiki
KE:327	AOP:58	KE in AOP:58	AOP-Wiki
KE:462	AOP:58	KE in AOP:58	AOP-Wiki
KE:459	AOP:58	AO in AOP:58	AOP-Wiki
KE:470	AOP:58	KE in AOP:58	AOP-Wiki
KE:456	AOP:58	MIE in AOP:58	AOP-Wiki
KE:465	AOP:58	KE in AOP:58	AOP-Wiki
KE:471	AOP:60	KE in AOP:60	AOP-Wiki
KE:245	AOP:60	MIE in AOP:60	AOP-Wiki
KE:472	AOP:60	KE in AOP:60	AOP-Wiki
KE:462	AOP:60	KE in AOP:60	AOP-Wiki
KE:179	AOP:60	KE in AOP:60	AOP-Wiki
KE:54	AOP:60	KE in AOP:60	AOP-Wiki
KE:459	AOP:60	AO in AOP:60	AOP-Wiki
KE:477	AOP:60	KE in AOP:60	AOP-Wiki
KE:474	AOP:60	KE in AOP:60	AOP-Wiki
KE:454	AOP:60	KE in AOP:60	AOP-Wiki
KE:465	AOP:60	KE in AOP:60	AOP-Wiki
KE:327	AOP:60	KE in AOP:60	AOP-Wiki
KE:457	AOP:62	KE in AOP:62	AOP-Wiki
KE:484	AOP:62	KE in AOP:62	AOP-Wiki
KE:486	AOP:62	MIE in AOP:62	AOP-Wiki
KE:459	AOP:62	AO in AOP:62	AOP-Wiki
KE:685	AOP:63	KE in AOP:63	AOP-Wiki
KE:360	AOP:63	AO in AOP:63	AOP-Wiki
KE:488	AOP:63	KE in AOP:63	AOP-Wiki
KE:79	AOP:63	MIE in AOP:63	AOP-Wiki
KE:675	AOP:63	AO in AOP:63	AOP-Wiki
KE:495	AOP:64	KE in AOP:64	AOP-Wiki
KE:494	AOP:64	MIE in AOP:64	AOP-Wiki
KE:520	AOP:64	KE in AOP:64	AOP-Wiki
KE:406	AOP:64	AO in AOP:64	AOP-Wiki
KE:496	AOP:64	KE in AOP:64	AOP-Wiki
KE:413	AOP:64	KE in AOP:64	AOP-Wiki
KE:1690	AOP:64	KE in AOP:64	AOP-Wiki
KE:643	AOP:69	MIE in AOP:69	AOP-Wiki
KE:646	AOP:69	AO in AOP:69	AOP-Wiki
KE:645	AOP:69	KE in AOP:69	AOP-Wiki
KE:644	AOP:69	MIE in AOP:69	AOP-Wiki
KE:642	AOP:69	MIE in AOP:69	AOP-Wiki
KE:536	AOP:73	KE in AOP:73	AOP-Wiki
KE:10059	AOP:73	KE in AOP:73	AOP-Wiki
KE:529	AOP:73	KE in AOP:73	AOP-Wiki
KE:526	AOP:73	MIE in AOP:73	AOP-Wiki
KE:527	AOP:73	AO in AOP:73	AOP-Wiki
KE:531	AOP:73	KE in AOP:73	AOP-Wiki
KE:535	AOP:73	KE in AOP:73	AOP-Wiki
KE:10060	AOP:73	KE in AOP:73	AOP-Wiki
KE:528	AOP:73	KE in AOP:73	AOP-Wiki
KE:530	AOP:73	KE in AOP:73	AOP-Wiki
KE:533	AOP:73	KE in AOP:73	AOP-Wiki
KE:534	AOP:73	KE in AOP:73	AOP-Wiki
KE:532	AOP:73	KE in AOP:73	AOP-Wiki
KE:177	AOP:77	KE in AOP:77	AOP-Wiki
KE:563	AOP:77	AO in AOP:77	AOP-Wiki
KE:1243	AOP:77	KE in AOP:77	AOP-Wiki
KE:341	AOP:77	KE in AOP:77	AOP-Wiki
KE:559	AOP:77	MIE in AOP:77	AOP-Wiki
KE:1107	AOP:77	KE in AOP:77	AOP-Wiki
KE:560	AOP:77	KE in AOP:77	AOP-Wiki
KE:177	AOP:78	KE in AOP:78	AOP-Wiki
KE:563	AOP:78	AO in AOP:78	AOP-Wiki
KE:566	AOP:78	AO in AOP:78	AOP-Wiki
KE:564	AOP:78	KE in AOP:78	AOP-Wiki
KE:341	AOP:78	KE in AOP:78	AOP-Wiki
KE:559	AOP:78	MIE in AOP:78	AOP-Wiki
KE:386	AOP:78	KE in AOP:78	AOP-Wiki
KE:565	AOP:78	KE in AOP:78	AOP-Wiki
KE:177	AOP:79	KE in AOP:79	AOP-Wiki
KE:563	AOP:79	AO in AOP:79	AOP-Wiki
KE:559	AOP:79	MIE in AOP:79	AOP-Wiki
KE:1107	AOP:79	KE in AOP:79	AOP-Wiki
KE:568	AOP:79	KE in AOP:79	AOP-Wiki
KE:177	AOP:80	KE in AOP:80	AOP-Wiki
KE:572	AOP:80	AO in AOP:80	AOP-Wiki
KE:563	AOP:80	AO in AOP:80	AOP-Wiki
KE:664	AOP:80	KE in AOP:80	AOP-Wiki
KE:559	AOP:80	MIE in AOP:80	AOP-Wiki
KE:570	AOP:80	KE in AOP:80	AOP-Wiki
KE:571	AOP:80	KE in AOP:80	AOP-Wiki
KE:568	AOP:80	AO in AOP:80	AOP-Wiki
KE:177	AOP:87	KE in AOP:87	AOP-Wiki
KE:563	AOP:87	AO in AOP:87	AOP-Wiki
KE:1243	AOP:87	KE in AOP:87	AOP-Wiki
KE:341	AOP:87	KE in AOP:87	AOP-Wiki
KE:559	AOP:87	MIE in AOP:87	AOP-Wiki
KE:1107	AOP:87	KE in AOP:87	AOP-Wiki
KE:560	AOP:87	KE in AOP:87	AOP-Wiki
KE:1108	AOP:87	KE in AOP:87	AOP-Wiki
KE:563	AOP:88	AO in AOP:88	AOP-Wiki
KE:1243	AOP:88	KE in AOP:88	AOP-Wiki
KE:341	AOP:88	KE in AOP:88	AOP-Wiki
KE:559	AOP:88	MIE in AOP:88	AOP-Wiki
KE:560	AOP:88	KE in AOP:88	AOP-Wiki
KE:663	AOP:88	KE in AOP:88	AOP-Wiki
KE:1107	AOP:88	KE in AOP:88	AOP-Wiki
KE:563	AOP:89	AO in AOP:89	AOP-Wiki
KE:1243	AOP:89	KE in AOP:89	AOP-Wiki
KE:341	AOP:89	KE in AOP:89	AOP-Wiki
KE:559	AOP:89	MIE in AOP:89	AOP-Wiki
KE:663	AOP:89	KE in AOP:89	AOP-Wiki
KE:560	AOP:89	KE in AOP:89	AOP-Wiki
KE:1107	AOP:89	KE in AOP:89	AOP-Wiki
KE:1108	AOP:89	KE in AOP:89	AOP-Wiki
KE:563	AOP:90	AO in AOP:90	AOP-Wiki
KE:566	AOP:90	AO in AOP:90	AOP-Wiki
KE:564	AOP:90	KE in AOP:90	AOP-Wiki
KE:341	AOP:90	KE in AOP:90	AOP-Wiki
KE:559	AOP:90	MIE in AOP:90	AOP-Wiki
KE:663	AOP:90	KE in AOP:90	AOP-Wiki
KE:386	AOP:90	KE in AOP:90	AOP-Wiki
KE:565	AOP:90	KE in AOP:90	AOP-Wiki
KE:588	AOP:91	AO in AOP:91	AOP-Wiki
KE:586	AOP:91	KE in AOP:91	AOP-Wiki
KE:585	AOP:91	KE in AOP:91	AOP-Wiki
KE:587	AOP:91	AO in AOP:91	AOP-Wiki
KE:592	AOP:91	AO in AOP:91	AOP-Wiki
KE:584	AOP:91	MIE in AOP:91	AOP-Wiki
KE:584	AOP:93	MIE in AOP:93	AOP-Wiki
KE:588	AOP:93	AO in AOP:93	AOP-Wiki
KE:586	AOP:93	KE in AOP:93	AOP-Wiki
KE:585	AOP:93	KE in AOP:93	AOP-Wiki
KE:444	AOP:94	KE in AOP:94	AOP-Wiki
KE:585	AOP:94	KE in AOP:94	AOP-Wiki
KE:584	AOP:94	MIE in AOP:94	AOP-Wiki
KE:591	AOP:94	AO in AOP:94	AOP-Wiki
KE:590	AOP:94	KE in AOP:94	AOP-Wiki
KE:445	AOP:94	KE in AOP:94	AOP-Wiki
KE:593	AOP:95	MIE in AOP:95	AOP-Wiki
KE:588	AOP:95	KE in AOP:95	AOP-Wiki
KE:586	AOP:95	KE in AOP:95	AOP-Wiki
KE:585	AOP:95	KE in AOP:95	AOP-Wiki
KE:587	AOP:95	KE in AOP:95	AOP-Wiki
KE:592	AOP:95	AO in AOP:95	AOP-Wiki
KE:598	AOP:96	MIE in AOP:96	AOP-Wiki
KE:601	AOP:96	KE in AOP:96	AOP-Wiki
KE:602	AOP:96	KE in AOP:96	AOP-Wiki
KE:599	AOP:96	KE in AOP:96	AOP-Wiki
KE:600	AOP:96	KE in AOP:96	AOP-Wiki
KE:351	AOP:96	AO in AOP:96	AOP-Wiki
KE:622	AOP:97	KE in AOP:97	AOP-Wiki
KE:360	AOP:97	AO in AOP:97	AOP-Wiki
KE:1143	AOP:97	KE in AOP:97	AOP-Wiki
KE:623	AOP:97	AO in AOP:97	AOP-Wiki
KE:624	AOP:97	KE in AOP:97	AOP-Wiki
KE:619	AOP:97	MIE in AOP:97	AOP-Wiki
KE:1142	AOP:97	KE in AOP:97	AOP-Wiki
KE:1139	AOP:97	KE in AOP:97	AOP-Wiki
KE:625	AOP:97	KE in AOP:97	AOP-Wiki
KE:626	AOP:97	KE in AOP:97	AOP-Wiki
KE:627	AOP:98	KE in AOP:98	AOP-Wiki
KE:629	AOP:98	KE in AOP:98	AOP-Wiki
KE:588	AOP:98	AO in AOP:98	AOP-Wiki
KE:619	AOP:98	MIE in AOP:98	AOP-Wiki
KE:626	AOP:98	KE in AOP:98	AOP-Wiki
KE:634	AOP:99	KE in AOP:99	AOP-Wiki
KE:588	AOP:99	AO in AOP:99	AOP-Wiki
KE:341	AOP:99	KE in AOP:99	AOP-Wiki
KE:636	AOP:99	AO in AOP:99	AOP-Wiki
KE:635	AOP:99	KE in AOP:99	AOP-Wiki
KE:638	AOP:99	MIE in AOP:99	AOP-Wiki
KE:633	AOP:99	KE in AOP:99	AOP-Wiki
KE:360	AOP:100	AO in AOP:100	AOP-Wiki
KE:674	AOP:100	KE in AOP:100	AOP-Wiki
KE:672	AOP:100	KE in AOP:100	AOP-Wiki
KE:79	AOP:100	MIE in AOP:100	AOP-Wiki
KE:671	AOP:100	KE in AOP:100	AOP-Wiki
KE:673	AOP:100	KE in AOP:100	AOP-Wiki
KE:675	AOP:100	AO in AOP:100	AOP-Wiki
KE:678	AOP:101	KE in AOP:101	AOP-Wiki
KE:360	AOP:101	AO in AOP:101	AOP-Wiki
KE:681	AOP:101	KE in AOP:101	AOP-Wiki
KE:674	AOP:101	KE in AOP:101	AOP-Wiki
KE:79	AOP:101	MIE in AOP:101	AOP-Wiki
KE:671	AOP:101	KE in AOP:101	AOP-Wiki
KE:675	AOP:101	AO in AOP:101	AOP-Wiki
KE:692	AOP:102	KE in AOP:102	AOP-Wiki
KE:689	AOP:102	KE in AOP:102	AOP-Wiki
KE:691	AOP:102	KE in AOP:102	AOP-Wiki
KE:360	AOP:102	AO in AOP:102	AOP-Wiki
KE:687	AOP:102	KE in AOP:102	AOP-Wiki
KE:693	AOP:102	KE in AOP:102	AOP-Wiki
KE:694	AOP:102	KE in AOP:102	AOP-Wiki
KE:79	AOP:102	MIE in AOP:102	AOP-Wiki
KE:690	AOP:102	KE in AOP:102	AOP-Wiki
KE:675	AOP:102	AO in AOP:102	AOP-Wiki
KE:692	AOP:103	KE in AOP:103	AOP-Wiki
KE:689	AOP:103	KE in AOP:103	AOP-Wiki
KE:691	AOP:103	KE in AOP:103	AOP-Wiki
KE:360	AOP:103	AO in AOP:103	AOP-Wiki
KE:687	AOP:103	KE in AOP:103	AOP-Wiki
KE:696	AOP:103	KE in AOP:103	AOP-Wiki
KE:79	AOP:103	MIE in AOP:103	AOP-Wiki
KE:690	AOP:103	KE in AOP:103	AOP-Wiki
KE:695	AOP:103	KE in AOP:103	AOP-Wiki
KE:675	AOP:103	AO in AOP:103	AOP-Wiki
KE:699	AOP:104	KE in AOP:104	AOP-Wiki
KE:698	AOP:104	KE in AOP:104	AOP-Wiki
KE:697	AOP:104	MIE in AOP:104	AOP-Wiki
KE:351	AOP:104	AO in AOP:104	AOP-Wiki
KE:767	AOP:105	KE in AOP:105	AOP-Wiki
KE:708	AOP:105	KE in AOP:105	AOP-Wiki
KE:710	AOP:105	KE in AOP:105	AOP-Wiki
KE:714	AOP:105	MIE in AOP:105	AOP-Wiki
KE:713	AOP:105	AO in AOP:105	AOP-Wiki
KE:709	AOP:105	KE in AOP:105	AOP-Wiki
KE:721	AOP:106	KE in AOP:106	AOP-Wiki
KE:718	AOP:106	MIE in AOP:106	AOP-Wiki
KE:720	AOP:106	KE in AOP:106	AOP-Wiki
KE:723	AOP:106	KE in AOP:106	AOP-Wiki
KE:752	AOP:106	KE in AOP:106	AOP-Wiki
KE:728	AOP:106	AO in AOP:106	AOP-Wiki
KE:716	AOP:107	KE in AOP:107	AOP-Wiki
KE:719	AOP:107	AO in AOP:107	AOP-Wiki
KE:1214	AOP:107	KE in AOP:107	AOP-Wiki
KE:715	AOP:107	MIE in AOP:107	AOP-Wiki
KE:774	AOP:107	KE in AOP:107	AOP-Wiki
KE:724	AOP:108	MIE in AOP:108	AOP-Wiki
KE:769	AOP:108	KE in AOP:108	AOP-Wiki
KE:719	AOP:108	AO in AOP:108	AOP-Wiki
KE:768	AOP:108	KE in AOP:108	AOP-Wiki
KE:726	AOP:108	KE in AOP:108	AOP-Wiki
KE:209	AOP:108	KE in AOP:108	AOP-Wiki
KE:735	AOP:109	KE in AOP:109	AOP-Wiki
KE:736	AOP:109	AO in AOP:109	AOP-Wiki
KE:770	AOP:109	MIE in AOP:109	AOP-Wiki
KE:734	AOP:109	KE in AOP:109	AOP-Wiki
KE:733	AOP:109	KE in AOP:109	AOP-Wiki
KE:281	AOP:110	KE in AOP:110	AOP-Wiki
KE:740	AOP:110	KE in AOP:110	AOP-Wiki
KE:424	AOP:110	MIE in AOP:110	AOP-Wiki
KE:277	AOP:110	KE in AOP:110	AOP-Wiki
KE:1023	AOP:110	KE in AOP:110	AOP-Wiki
KE:741	AOP:110	AO in AOP:110	AOP-Wiki
KE:739	AOP:110	KE in AOP:110	AOP-Wiki
KE:744	AOP:111	KE in AOP:111	AOP-Wiki
KE:1614	AOP:111	MIE in AOP:111	AOP-Wiki
KE:743	AOP:111	KE in AOP:111	AOP-Wiki
KE:745	AOP:111	AO in AOP:111	AOP-Wiki
KE:754	AOP:111	KE in AOP:111	AOP-Wiki
KE:747	AOP:112	KE in AOP:112	AOP-Wiki
KE:772	AOP:112	KE in AOP:112	AOP-Wiki
KE:111	AOP:112	KE in AOP:112	AOP-Wiki
KE:773	AOP:112	AO in AOP:112	AOP-Wiki
KE:746	AOP:112	MIE in AOP:112	AOP-Wiki
KE:749	AOP:112	KE in AOP:112	AOP-Wiki
KE:760	AOP:113	MIE in AOP:113	AOP-Wiki
KE:764	AOP:113	KE in AOP:113	AOP-Wiki
KE:763	AOP:113	KE in AOP:113	AOP-Wiki
KE:765	AOP:113	AO in AOP:113	AOP-Wiki
KE:761	AOP:113	KE in AOP:113	AOP-Wiki
KE:351	AOP:113	AO in AOP:113	AOP-Wiki
KE:779	AOP:114	AO in AOP:114	AOP-Wiki
KE:775	AOP:114	KE in AOP:114	AOP-Wiki
KE:778	AOP:114	KE in AOP:114	AOP-Wiki
KE:777	AOP:114	KE in AOP:114	AOP-Wiki
KE:776	AOP:114	KE in AOP:114	AOP-Wiki
KE:766	AOP:114	MIE in AOP:114	AOP-Wiki
KE:782	AOP:115	KE in AOP:115	AOP-Wiki
KE:779	AOP:115	AO in AOP:115	AOP-Wiki
KE:149	AOP:115	KE in AOP:115	AOP-Wiki
KE:780	AOP:115	MIE in AOP:115	AOP-Wiki
KE:781	AOP:115	KE in AOP:115	AOP-Wiki
KE:710	AOP:116	KE in AOP:116	AOP-Wiki
KE:784	AOP:116	KE in AOP:116	AOP-Wiki
KE:783	AOP:116	MIE in AOP:116	AOP-Wiki
KE:713	AOP:116	AO in AOP:116	AOP-Wiki
KE:25	AOP:117	MIE in AOP:117	AOP-Wiki
KE:716	AOP:117	KE in AOP:117	AOP-Wiki
KE:719	AOP:117	AO in AOP:117	AOP-Wiki
KE:774	AOP:117	KE in AOP:117	AOP-Wiki
KE:787	AOP:118	KE in AOP:118	AOP-Wiki
KE:786	AOP:118	MIE in AOP:118	AOP-Wiki
KE:774	AOP:118	KE in AOP:118	AOP-Wiki
KE:719	AOP:118	AO in AOP:118	AOP-Wiki
KE:281	AOP:119	KE in AOP:119	AOP-Wiki
KE:740	AOP:119	KE in AOP:119	AOP-Wiki
KE:279	AOP:119	MIE in AOP:119	AOP-Wiki
KE:277	AOP:119	KE in AOP:119	AOP-Wiki
KE:1023	AOP:119	KE in AOP:119	AOP-Wiki
KE:741	AOP:119	AO in AOP:119	AOP-Wiki
KE:739	AOP:119	KE in AOP:119	AOP-Wiki
KE:744	AOP:120	KE in AOP:120	AOP-Wiki
KE:791	AOP:120	KE in AOP:120	AOP-Wiki
KE:1617	AOP:120	MIE in AOP:120	AOP-Wiki
KE:745	AOP:120	AO in AOP:120	AOP-Wiki
KE:1690	AOP:120	KE in AOP:120	AOP-Wiki
KE:796	AOP:121	KE in AOP:121	AOP-Wiki
KE:797	AOP:121	AO in AOP:121	AOP-Wiki
KE:793	AOP:121	MIE in AOP:121	AOP-Wiki
KE:794	AOP:121	KE in AOP:121	AOP-Wiki
KE:795	AOP:121	KE in AOP:121	AOP-Wiki
KE:360	AOP:122	AO in AOP:122	AOP-Wiki
KE:219	AOP:122	KE in AOP:122	AOP-Wiki
KE:799	AOP:122	KE in AOP:122	AOP-Wiki
KE:285	AOP:122	KE in AOP:122	AOP-Wiki
KE:798	AOP:122	MIE in AOP:122	AOP-Wiki
KE:800	AOP:122	KE in AOP:122	AOP-Wiki
KE:221	AOP:122	KE in AOP:122	AOP-Wiki
KE:78	AOP:122	AO in AOP:122	AOP-Wiki
KE:309	AOP:122	KE in AOP:122	AOP-Wiki
KE:3	AOP:122	KE in AOP:122	AOP-Wiki
KE:360	AOP:123	AO in AOP:123	AOP-Wiki
KE:219	AOP:123	KE in AOP:123	AOP-Wiki
KE:799	AOP:123	KE in AOP:123	AOP-Wiki
KE:285	AOP:123	KE in AOP:123	AOP-Wiki
KE:800	AOP:123	KE in AOP:123	AOP-Wiki
KE:221	AOP:123	KE in AOP:123	AOP-Wiki
KE:78	AOP:123	AO in AOP:123	AOP-Wiki
KE:309	AOP:123	KE in AOP:123	AOP-Wiki
KE:801	AOP:123	MIE in AOP:123	AOP-Wiki
KE:3	AOP:123	KE in AOP:123	AOP-Wiki
KE:802	AOP:123	KE in AOP:123	AOP-Wiki
KE:330	AOP:124	AO in AOP:124	AOP-Wiki
KE:805	AOP:124	KE in AOP:124	AOP-Wiki
KE:804	AOP:124	MIE in AOP:124	AOP-Wiki
KE:1690	AOP:124	KE in AOP:124	AOP-Wiki
KE:809	AOP:124	KE in AOP:124	AOP-Wiki
KE:807	AOP:124	KE in AOP:124	AOP-Wiki
KE:536	AOP:126	KE in AOP:126	AOP-Wiki
KE:10059	AOP:126	KE in AOP:126	AOP-Wiki
KE:529	AOP:126	KE in AOP:126	AOP-Wiki
KE:848	AOP:126	KE in AOP:126	AOP-Wiki
KE:849	AOP:126	MIE in AOP:126	AOP-Wiki
KE:527	AOP:126	AO in AOP:126	AOP-Wiki
KE:531	AOP:126	KE in AOP:126	AOP-Wiki
KE:535	AOP:126	KE in AOP:126	AOP-Wiki
KE:10060	AOP:126	KE in AOP:126	AOP-Wiki
KE:530	AOP:126	KE in AOP:126	AOP-Wiki
KE:533	AOP:126	KE in AOP:126	AOP-Wiki
KE:534	AOP:126	KE in AOP:126	AOP-Wiki
KE:532	AOP:126	KE in AOP:126	AOP-Wiki
KE:818	AOP:128	KE in AOP:128	AOP-Wiki
KE:824	AOP:128	KE in AOP:128	AOP-Wiki
KE:823	AOP:128	KE in AOP:128	AOP-Wiki
KE:821	AOP:128	KE in AOP:128	AOP-Wiki
KE:819	AOP:128	KE in AOP:128	AOP-Wiki
KE:820	AOP:128	KE in AOP:128	AOP-Wiki
KE:813	AOP:128	KE in AOP:128	AOP-Wiki
KE:825	AOP:128	KE in AOP:128	AOP-Wiki
KE:814	AOP:128	AO in AOP:128	AOP-Wiki
KE:277	AOP:128	MIE in AOP:128	AOP-Wiki
KE:281	AOP:128	KE in AOP:128	AOP-Wiki
KE:177	AOP:130	KE in AOP:130	AOP-Wiki
KE:831	AOP:130	KE in AOP:130	AOP-Wiki
KE:835	AOP:130	KE in AOP:130	AOP-Wiki
KE:829	AOP:130	KE in AOP:130	AOP-Wiki
KE:838	AOP:130	KE in AOP:130	AOP-Wiki
KE:837	AOP:130	KE in AOP:130	AOP-Wiki
KE:833	AOP:130	KE in AOP:130	AOP-Wiki
KE:840	AOP:130	AO in AOP:130	AOP-Wiki
KE:836	AOP:130	KE in AOP:130	AOP-Wiki
KE:839	AOP:130	KE in AOP:130	AOP-Wiki
KE:828	AOP:130	MIE in AOP:130	AOP-Wiki
KE:846	AOP:131	KE in AOP:131	AOP-Wiki
KE:845	AOP:131	KE in AOP:131	AOP-Wiki
KE:850	AOP:131	KE in AOP:131	AOP-Wiki
KE:844	AOP:131	KE in AOP:131	AOP-Wiki
KE:369	AOP:131	AO in AOP:131	AOP-Wiki
KE:18	AOP:131	MIE in AOP:131	AOP-Wiki
KE:756	AOP:134	KE in AOP:134	AOP-Wiki
KE:757	AOP:134	KE in AOP:134	AOP-Wiki
KE:424	AOP:134	MIE in AOP:134	AOP-Wiki
KE:277	AOP:134	KE in AOP:134	AOP-Wiki
KE:280	AOP:134	KE in AOP:134	AOP-Wiki
KE:425	AOP:134	KE in AOP:134	AOP-Wiki
KE:402	AOP:134	AO in AOP:134	AOP-Wiki
KE:281	AOP:134	KE in AOP:134	AOP-Wiki
KE:758	AOP:134	KE in AOP:134	AOP-Wiki
KE:869	AOP:136	KE in AOP:136	AOP-Wiki
KE:870	AOP:136	KE in AOP:136	AOP-Wiki
KE:872	AOP:136	AO in AOP:136	AOP-Wiki
KE:868	AOP:136	KE in AOP:136	AOP-Wiki
KE:867	AOP:136	MIE in AOP:136	AOP-Wiki
KE:768	AOP:136	KE in AOP:136	AOP-Wiki
KE:876	AOP:136	KE in AOP:136	AOP-Wiki
KE:185	AOP:139	KE in AOP:139	AOP-Wiki
KE:97	AOP:139	MIE in AOP:139	AOP-Wiki
KE:155	AOP:139	KE in AOP:139	AOP-Wiki
KE:885	AOP:139	AO in AOP:139	AOP-Wiki
KE:898	AOP:144	KE in AOP:144	AOP-Wiki
KE:177	AOP:144	KE in AOP:144	AOP-Wiki
KE:55	AOP:144	KE in AOP:144	AOP-Wiki
KE:344	AOP:144	AO in AOP:144	AOP-Wiki
KE:68	AOP:144	KE in AOP:144	AOP-Wiki
KE:1539	AOP:144	MIE in AOP:144	AOP-Wiki
KE:1494	AOP:144	KE in AOP:144	AOP-Wiki
KE:265	AOP:144	KE in AOP:144	AOP-Wiki
KE:1493	AOP:144	KE in AOP:144	AOP-Wiki
KE:2117	AOP:148	KE in AOP:148	AOP-Wiki
KE:1250	AOP:148	AO in AOP:148	AOP-Wiki
KE:941	AOP:148	MIE in AOP:148	AOP-Wiki
KE:962	AOP:148	KE in AOP:148	AOP-Wiki
KE:933	AOP:149	KE in AOP:149	AOP-Wiki
KE:951	AOP:149	KE in AOP:149	AOP-Wiki
KE:952	AOP:149	AO in AOP:149	AOP-Wiki
KE:973	AOP:149	KE in AOP:149	AOP-Wiki
KE:927	AOP:149	KE in AOP:149	AOP-Wiki
KE:934	AOP:149	KE in AOP:149	AOP-Wiki
KE:935	AOP:149	KE in AOP:149	AOP-Wiki
KE:937	AOP:149	KE in AOP:149	AOP-Wiki
KE:932	AOP:149	KE in AOP:149	AOP-Wiki
KE:209	AOP:149	MIE in AOP:149	AOP-Wiki
KE:947	AOP:150	AO in AOP:150	AOP-Wiki
KE:944	AOP:150	KE in AOP:150	AOP-Wiki
KE:110	AOP:150	KE in AOP:150	AOP-Wiki
KE:945	AOP:150	KE in AOP:150	AOP-Wiki
KE:317	AOP:150	KE in AOP:150	AOP-Wiki
KE:948	AOP:150	KE in AOP:150	AOP-Wiki
KE:18	AOP:150	MIE in AOP:150	AOP-Wiki
KE:1891	AOP:151	KE in AOP:151	AOP-Wiki
KE:944	AOP:151	KE in AOP:151	AOP-Wiki
KE:1893	AOP:151	AO in AOP:151	AOP-Wiki
KE:945	AOP:151	KE in AOP:151	AOP-Wiki
KE:1892	AOP:151	KE in AOP:151	AOP-Wiki
KE:948	AOP:151	KE in AOP:151	AOP-Wiki
KE:18	AOP:151	MIE in AOP:151	AOP-Wiki
KE:984	AOP:154	AO in AOP:154	AOP-Wiki
KE:1202	AOP:154	KE in AOP:154	AOP-Wiki
KE:980	AOP:154	MIE in AOP:154	AOP-Wiki
KE:979	AOP:154	KE in AOP:154	AOP-Wiki
KE:981	AOP:154	KE in AOP:154	AOP-Wiki
KE:360	AOP:155	AO in AOP:155	AOP-Wiki
KE:1002	AOP:155	MIE in AOP:155	AOP-Wiki
KE:1003	AOP:155	KE in AOP:155	AOP-Wiki
KE:1004	AOP:155	KE in AOP:155	AOP-Wiki
KE:1005	AOP:155	KE in AOP:155	AOP-Wiki
KE:351	AOP:155	AO in AOP:155	AOP-Wiki
KE:360	AOP:156	AO in AOP:156	AOP-Wiki
KE:1002	AOP:156	MIE in AOP:156	AOP-Wiki
KE:1007	AOP:156	KE in AOP:156	AOP-Wiki
KE:1003	AOP:156	KE in AOP:156	AOP-Wiki
KE:1005	AOP:156	KE in AOP:156	AOP-Wiki
KE:351	AOP:156	AO in AOP:156	AOP-Wiki
KE:360	AOP:157	AO in AOP:157	AOP-Wiki
KE:1003	AOP:157	KE in AOP:157	AOP-Wiki
KE:1009	AOP:157	MIE in AOP:157	AOP-Wiki
KE:1004	AOP:157	KE in AOP:157	AOP-Wiki
KE:1005	AOP:157	KE in AOP:157	AOP-Wiki
KE:351	AOP:157	AO in AOP:157	AOP-Wiki
KE:360	AOP:158	AO in AOP:158	AOP-Wiki
KE:1007	AOP:158	KE in AOP:158	AOP-Wiki
KE:1003	AOP:158	KE in AOP:158	AOP-Wiki
KE:1009	AOP:158	MIE in AOP:158	AOP-Wiki
KE:1005	AOP:158	KE in AOP:158	AOP-Wiki
KE:351	AOP:158	AO in AOP:158	AOP-Wiki
KE:360	AOP:159	AO in AOP:159	AOP-Wiki
KE:1007	AOP:159	KE in AOP:159	AOP-Wiki
KE:1003	AOP:159	KE in AOP:159	AOP-Wiki
KE:279	AOP:159	MIE in AOP:159	AOP-Wiki
KE:1005	AOP:159	KE in AOP:159	AOP-Wiki
KE:277	AOP:159	KE in AOP:159	AOP-Wiki
KE:281	AOP:159	KE in AOP:159	AOP-Wiki
KE:351	AOP:159	AO in AOP:159	AOP-Wiki
KE:1015	AOP:160	KE in AOP:160	AOP-Wiki
KE:1016	AOP:160	KE in AOP:160	AOP-Wiki
KE:1012	AOP:160	KE in AOP:160	AOP-Wiki
KE:762	AOP:160	MIE in AOP:160	AOP-Wiki
KE:1014	AOP:160	KE in AOP:160	AOP-Wiki
KE:761	AOP:160	KE in AOP:160	AOP-Wiki
KE:351	AOP:160	AO in AOP:160	AOP-Wiki
KE:1015	AOP:161	KE in AOP:161	AOP-Wiki
KE:1016	AOP:161	KE in AOP:161	AOP-Wiki
KE:1012	AOP:161	KE in AOP:161	AOP-Wiki
KE:1018	AOP:161	MIE in AOP:161	AOP-Wiki
KE:761	AOP:161	KE in AOP:161	AOP-Wiki
KE:1019	AOP:161	KE in AOP:161	AOP-Wiki
KE:351	AOP:161	AO in AOP:161	AOP-Wiki
KE:1042	AOP:164	KE in AOP:164	AOP-Wiki
KE:1038	AOP:164	MIE in AOP:164	AOP-Wiki
KE:1040	AOP:164	KE in AOP:164	AOP-Wiki
KE:1043	AOP:164	KE in AOP:164	AOP-Wiki
KE:1039	AOP:164	KE in AOP:164	AOP-Wiki
KE:1044	AOP:164	AO in AOP:164	AOP-Wiki
KE:1066	AOP:167	KE in AOP:167	AOP-Wiki
KE:1065	AOP:167	KE in AOP:167	AOP-Wiki
KE:1064	AOP:167	MIE in AOP:167	AOP-Wiki
KE:1068	AOP:167	KE in AOP:167	AOP-Wiki
KE:1070	AOP:167	AO in AOP:167	AOP-Wiki
KE:1067	AOP:167	KE in AOP:167	AOP-Wiki
KE:1069	AOP:167	KE in AOP:167	AOP-Wiki
KE:1500	AOP:173	KE in AOP:173	AOP-Wiki
KE:68	AOP:173	KE in AOP:173	AOP-Wiki
KE:1458	AOP:173	AO in AOP:173	AOP-Wiki
KE:1496	AOP:173	KE in AOP:173	AOP-Wiki
KE:1498	AOP:173	KE in AOP:173	AOP-Wiki
KE:1499	AOP:173	KE in AOP:173	AOP-Wiki
KE:1497	AOP:173	KE in AOP:173	AOP-Wiki
KE:1495	AOP:173	MIE in AOP:173	AOP-Wiki
KE:277	AOP:175	KE in AOP:175	AOP-Wiki
KE:281	AOP:175	KE in AOP:175	AOP-Wiki
KE:1101	AOP:175	AO in AOP:175	AOP-Wiki
KE:279	AOP:175	MIE in AOP:175	AOP-Wiki
KE:1101	AOP:176	AO in AOP:176	AOP-Wiki
KE:424	AOP:176	MIE in AOP:176	AOP-Wiki
KE:277	AOP:176	KE in AOP:176	AOP-Wiki
KE:425	AOP:176	KE in AOP:176	AOP-Wiki
KE:281	AOP:176	KE in AOP:176	AOP-Wiki
KE:1101	AOP:188	AO in AOP:188	AOP-Wiki
KE:277	AOP:188	KE in AOP:188	AOP-Wiki
KE:425	AOP:188	KE in AOP:188	AOP-Wiki
KE:1152	AOP:188	MIE in AOP:188	AOP-Wiki
KE:281	AOP:188	KE in AOP:188	AOP-Wiki
KE:1003	AOP:189	KE in AOP:189	AOP-Wiki
KE:1116	AOP:189	KE in AOP:189	AOP-Wiki
KE:1009	AOP:189	MIE in AOP:189	AOP-Wiki
KE:1101	AOP:189	AO in AOP:189	AOP-Wiki
KE:1116	AOP:190	KE in AOP:190	AOP-Wiki
KE:1101	AOP:190	AO in AOP:190	AOP-Wiki
KE:1828	AOP:190	KE in AOP:190	AOP-Wiki
KE:1002	AOP:190	MIE in AOP:190	AOP-Wiki
KE:1829	AOP:190	KE in AOP:190	AOP-Wiki
KE:1023	AOP:190	KE in AOP:190	AOP-Wiki
KE:1829	AOP:191	KE in AOP:191	AOP-Wiki
KE:1154	AOP:191	KE in AOP:191	AOP-Wiki
KE:1153	AOP:191	MIE in AOP:191	AOP-Wiki
KE:1101	AOP:191	AO in AOP:191	AOP-Wiki
KE:1155	AOP:192	MIE in AOP:192	AOP-Wiki
KE:277	AOP:192	KE in AOP:192	AOP-Wiki
KE:281	AOP:192	KE in AOP:192	AOP-Wiki
KE:1101	AOP:192	AO in AOP:192	AOP-Wiki
KE:1156	AOP:193	MIE in AOP:193	AOP-Wiki
KE:277	AOP:193	KE in AOP:193	AOP-Wiki
KE:281	AOP:193	KE in AOP:193	AOP-Wiki
KE:1101	AOP:193	AO in AOP:193	AOP-Wiki
KE:1101	AOP:194	AO in AOP:194	AOP-Wiki
KE:295	AOP:194	KE in AOP:194	AOP-Wiki
KE:961	AOP:194	KE in AOP:194	AOP-Wiki
KE:1158	AOP:194	KE in AOP:194	AOP-Wiki
KE:1157	AOP:194	MIE in AOP:194	AOP-Wiki
KE:281	AOP:194	KE in AOP:194	AOP-Wiki
KE:1163	AOP:195	KE in AOP:195	AOP-Wiki
KE:621	AOP:195	KE in AOP:195	AOP-Wiki
KE:1255	AOP:195	KE in AOP:195	AOP-Wiki
KE:1164	AOP:195	AO in AOP:195	AOP-Wiki
KE:619	AOP:195	MIE in AOP:195	AOP-Wiki
KE:1142	AOP:195	KE in AOP:195	AOP-Wiki
KE:1161	AOP:195	KE in AOP:195	AOP-Wiki
KE:626	AOP:195	KE in AOP:195	AOP-Wiki
KE:1215	AOP:196	MIE in AOP:196	AOP-Wiki
KE:1222	AOP:196	KE in AOP:196	AOP-Wiki
KE:1226	AOP:196	AO in AOP:196	AOP-Wiki
KE:1433	AOP:196	KE in AOP:196	AOP-Wiki
KE:1218	AOP:196	KE in AOP:196	AOP-Wiki
KE:1223	AOP:196	AO in AOP:196	AOP-Wiki
KE:1435	AOP:196	KE in AOP:196	AOP-Wiki
KE:1434	AOP:196	AO in AOP:196	AOP-Wiki
KE:1220	AOP:196	KE in AOP:196	AOP-Wiki
KE:1206	AOP:201	KE in AOP:201	AOP-Wiki
KE:1208	AOP:201	AO in AOP:201	AOP-Wiki
KE:1210	AOP:201	AO in AOP:201	AOP-Wiki
KE:361	AOP:201	AO in AOP:201	AOP-Wiki
KE:1209	AOP:201	KE in AOP:201	AOP-Wiki
KE:1205	AOP:201	MIE in AOP:201	AOP-Wiki
KE:1461	AOP:202	KE in AOP:202	AOP-Wiki
KE:1254	AOP:202	AO in AOP:202	AOP-Wiki
KE:1253	AOP:202	KE in AOP:202	AOP-Wiki
KE:1252	AOP:202	MIE in AOP:202	AOP-Wiki
KE:621	AOP:203	KE in AOP:203	AOP-Wiki
KE:1141	AOP:203	AO in AOP:203	AOP-Wiki
KE:360	AOP:203	AO in AOP:203	AOP-Wiki
KE:1256	AOP:203	KE in AOP:203	AOP-Wiki
KE:619	AOP:203	MIE in AOP:203	AOP-Wiki
KE:1142	AOP:203	KE in AOP:203	AOP-Wiki
KE:1257	AOP:203	KE in AOP:203	AOP-Wiki
KE:626	AOP:203	KE in AOP:203	AOP-Wiki
KE:621	AOP:204	KE in AOP:204	AOP-Wiki
KE:1163	AOP:204	AO in AOP:204	AOP-Wiki
KE:1164	AOP:204	AO in AOP:204	AOP-Wiki
KE:1256	AOP:204	KE in AOP:204	AOP-Wiki
KE:619	AOP:204	MIE in AOP:204	AOP-Wiki
KE:1142	AOP:204	KE in AOP:204	AOP-Wiki
KE:1257	AOP:204	KE in AOP:204	AOP-Wiki
KE:626	AOP:204	KE in AOP:204	AOP-Wiki
KE:177	AOP:205	KE in AOP:205	AOP-Wiki
KE:1263	AOP:205	AO in AOP:205	AOP-Wiki
KE:1258	AOP:205	MIE in AOP:205	AOP-Wiki
KE:1260	AOP:205	MIE in AOP:205	AOP-Wiki
KE:1259	AOP:205	MIE in AOP:205	AOP-Wiki
KE:1262	AOP:205	AO in AOP:205	AOP-Wiki
KE:1275	AOP:206	KE in AOP:206	AOP-Wiki
KE:1270	AOP:206	MIE in AOP:206	AOP-Wiki
KE:1457	AOP:206	KE in AOP:206	AOP-Wiki
KE:1276	AOP:206	AO in AOP:206	AOP-Wiki
KE:149	AOP:206	KE in AOP:206	AOP-Wiki
KE:1271	AOP:206	KE in AOP:206	AOP-Wiki
KE:177	AOP:207	KE in AOP:207	AOP-Wiki
KE:1279	AOP:207	KE in AOP:207	AOP-Wiki
KE:1174	AOP:207	MIE in AOP:207	AOP-Wiki
KE:1277	AOP:207	AO in AOP:207	AOP-Wiki
KE:1262	AOP:207	KE in AOP:207	AOP-Wiki
KE:1115	AOP:207	KE in AOP:207	AOP-Wiki
KE:1280	AOP:207	KE in AOP:207	AOP-Wiki
KE:1281	AOP:207	KE in AOP:207	AOP-Wiki
KE:1286	AOP:209	MIE in AOP:209	AOP-Wiki
KE:1291	AOP:209	AO in AOP:209	AOP-Wiki
KE:1284	AOP:209	MIE in AOP:209	AOP-Wiki
KE:1287	AOP:209	KE in AOP:209	AOP-Wiki
KE:1290	AOP:209	KE in AOP:209	AOP-Wiki
KE:1288	AOP:209	KE in AOP:209	AOP-Wiki
KE:1285	AOP:209	KE in AOP:209	AOP-Wiki
KE:1289	AOP:209	KE in AOP:209	AOP-Wiki
KE:1506	AOP:212	AO in AOP:212	AOP-Wiki
KE:1503	AOP:212	KE in AOP:212	AOP-Wiki
KE:1502	AOP:212	MIE in AOP:212	AOP-Wiki
KE:1262	AOP:212	KE in AOP:212	AOP-Wiki
KE:1515	AOP:212	KE in AOP:212	AOP-Wiki
KE:1505	AOP:212	KE in AOP:212	AOP-Wiki
KE:1491	AOP:213	KE in AOP:213	AOP-Wiki
KE:459	AOP:213	KE in AOP:213	AOP-Wiki
KE:1115	AOP:213	KE in AOP:213	AOP-Wiki
KE:1489	AOP:213	AO in AOP:213	AOP-Wiki
KE:1490	AOP:213	MIE in AOP:213	AOP-Wiki
KE:1305	AOP:213	KE in AOP:213	AOP-Wiki
KE:1635	AOP:216	KE in AOP:216	AOP-Wiki
KE:360	AOP:216	AO in AOP:216	AOP-Wiki
KE:1366	AOP:216	KE in AOP:216	AOP-Wiki
KE:1686	AOP:216	MIE in AOP:216	AOP-Wiki
KE:1444	AOP:216	KE in AOP:216	AOP-Wiki
KE:78	AOP:216	AO in AOP:216	AOP-Wiki
KE:1141	AOP:218	KE in AOP:218	AOP-Wiki
KE:1386	AOP:218	MIE in AOP:218	AOP-Wiki
KE:360	AOP:218	AO in AOP:218	AOP-Wiki
KE:1387	AOP:218	KE in AOP:218	AOP-Wiki
KE:1389	AOP:218	KE in AOP:218	AOP-Wiki
KE:1388	AOP:218	KE in AOP:218	AOP-Wiki
KE:360	AOP:219	AO in AOP:219	AOP-Wiki
KE:1141	AOP:219	KE in AOP:219	AOP-Wiki
KE:1390	AOP:219	KE in AOP:219	AOP-Wiki
KE:1387	AOP:219	KE in AOP:219	AOP-Wiki
KE:1386	AOP:219	MIE in AOP:219	AOP-Wiki
KE:1388	AOP:219	KE in AOP:219	AOP-Wiki
KE:1391	AOP:220	MIE in AOP:220	AOP-Wiki
KE:1393	AOP:220	KE in AOP:220	AOP-Wiki
KE:1394	AOP:220	KE in AOP:220	AOP-Wiki
KE:1395	AOP:220	AO in AOP:220	AOP-Wiki
KE:1392	AOP:220	KE in AOP:220	AOP-Wiki
KE:1404	AOP:227	KE in AOP:227	AOP-Wiki
KE:1407	AOP:227	KE in AOP:227	AOP-Wiki
KE:1406	AOP:227	KE in AOP:227	AOP-Wiki
KE:1385	AOP:227	AO in AOP:227	AOP-Wiki
KE:1403	AOP:227	KE in AOP:227	AOP-Wiki
KE:1402	AOP:227	MIE in AOP:227	AOP-Wiki
KE:1405	AOP:227	KE in AOP:227	AOP-Wiki
KE:1411	AOP:228	KE in AOP:228	AOP-Wiki
KE:1385	AOP:228	AO in AOP:228	AOP-Wiki
KE:1408	AOP:228	MIE in AOP:228	AOP-Wiki
KE:1409	AOP:228	KE in AOP:228	AOP-Wiki
KE:1410	AOP:228	KE in AOP:228	AOP-Wiki
KE:1422	AOP:232	KE in AOP:232	AOP-Wiki
KE:1424	AOP:232	KE in AOP:232	AOP-Wiki
KE:1417	AOP:232	MIE in AOP:232	AOP-Wiki
KE:459	AOP:232	AO in AOP:232	AOP-Wiki
KE:1423	AOP:232	KE in AOP:232	AOP-Wiki
KE:1419	AOP:232	KE in AOP:232	AOP-Wiki
KE:1420	AOP:232	KE in AOP:232	AOP-Wiki
KE:1421	AOP:232	KE in AOP:232	AOP-Wiki
KE:1427	AOP:233	KE in AOP:233	AOP-Wiki
KE:1428	AOP:233	AO in AOP:233	AOP-Wiki
KE:763	AOP:233	KE in AOP:233	AOP-Wiki
KE:1425	AOP:233	MIE in AOP:233	AOP-Wiki
KE:1426	AOP:233	KE in AOP:233	AOP-Wiki
KE:1430	AOP:234	KE in AOP:234	AOP-Wiki
KE:1429	AOP:234	KE in AOP:234	AOP-Wiki
KE:1428	AOP:234	AO in AOP:234	AOP-Wiki
KE:1425	AOP:234	MIE in AOP:234	AOP-Wiki
KE:1426	AOP:234	KE in AOP:234	AOP-Wiki
KE:1427	AOP:235	KE in AOP:235	AOP-Wiki
KE:1432	AOP:235	AO in AOP:235	AOP-Wiki
KE:763	AOP:235	KE in AOP:235	AOP-Wiki
KE:1431	AOP:235	MIE in AOP:235	AOP-Wiki
KE:1426	AOP:235	KE in AOP:235	AOP-Wiki
KE:1430	AOP:236	KE in AOP:236	AOP-Wiki
KE:1429	AOP:236	KE in AOP:236	AOP-Wiki
KE:1432	AOP:236	AO in AOP:236	AOP-Wiki
KE:1431	AOP:236	MIE in AOP:236	AOP-Wiki
KE:1426	AOP:236	KE in AOP:236	AOP-Wiki
KE:1443	AOP:237	AO in AOP:237	AOP-Wiki
KE:1439	AOP:237	KE in AOP:237	AOP-Wiki
KE:1438	AOP:237	KE in AOP:237	AOP-Wiki
KE:1496	AOP:237	KE in AOP:237	AOP-Wiki
KE:1495	AOP:237	MIE in AOP:237	AOP-Wiki
KE:1635	AOP:238	KE in AOP:238	AOP-Wiki
KE:360	AOP:238	AO in AOP:238	AOP-Wiki
KE:1366	AOP:238	KE in AOP:238	AOP-Wiki
KE:1686	AOP:238	MIE in AOP:238	AOP-Wiki
KE:1775	AOP:238	KE in AOP:238	AOP-Wiki
KE:78	AOP:238	AO in AOP:238	AOP-Wiki
KE:1458	AOP:241	AO in AOP:241	AOP-Wiki
KE:68	AOP:241	KE in AOP:241	AOP-Wiki
KE:1456	AOP:241	KE in AOP:241	AOP-Wiki
KE:1468	AOP:241	MIE in AOP:241	AOP-Wiki
KE:1457	AOP:241	KE in AOP:241	AOP-Wiki
KE:1469	AOP:241	KE in AOP:241	AOP-Wiki
KE:1463	AOP:242	KE in AOP:242	AOP-Wiki
KE:1464	AOP:242	KE in AOP:242	AOP-Wiki
KE:636	AOP:242	AO in AOP:242	AOP-Wiki
KE:1466	AOP:242	KE in AOP:242	AOP-Wiki
KE:1005	AOP:242	KE in AOP:242	AOP-Wiki
KE:1465	AOP:242	KE in AOP:242	AOP-Wiki
KE:1462	AOP:242	MIE in AOP:242	AOP-Wiki
KE:1467	AOP:242	AO in AOP:242	AOP-Wiki
KE:1479	AOP:245	KE in AOP:245	AOP-Wiki
KE:1476	AOP:245	KE in AOP:245	AOP-Wiki
KE:1475	AOP:245	KE in AOP:245	AOP-Wiki
KE:1472	AOP:245	KE in AOP:245	AOP-Wiki
KE:1474	AOP:245	KE in AOP:245	AOP-Wiki
KE:1473	AOP:245	KE in AOP:245	AOP-Wiki
KE:1477	AOP:245	KE in AOP:245	AOP-Wiki
KE:40	AOP:245	KE in AOP:245	AOP-Wiki
KE:1521	AOP:245	AO in AOP:245	AOP-Wiki
KE:1471	AOP:245	MIE in AOP:245	AOP-Wiki
KE:1478	AOP:245	KE in AOP:245	AOP-Wiki
KE:177	AOP:256	KE in AOP:256	AOP-Wiki
KE:1481	AOP:256	MIE in AOP:256	AOP-Wiki
KE:814	AOP:256	AO in AOP:256	AOP-Wiki
KE:1482	AOP:256	KE in AOP:256	AOP-Wiki
KE:709	AOP:256	KE in AOP:256	AOP-Wiki
KE:898	AOP:257	KE in AOP:257	AOP-Wiki
KE:831	AOP:257	KE in AOP:257	AOP-Wiki
KE:814	AOP:257	AO in AOP:257	AOP-Wiki
KE:709	AOP:257	KE in AOP:257	AOP-Wiki
KE:1486	AOP:257	MIE in AOP:257	AOP-Wiki
KE:177	AOP:258	KE in AOP:258	AOP-Wiki
KE:814	AOP:258	AO in AOP:258	AOP-Wiki
KE:40	AOP:258	KE in AOP:258	AOP-Wiki
KE:709	AOP:258	KE in AOP:258	AOP-Wiki
KE:244	AOP:258	MIE in AOP:258	AOP-Wiki
KE:1512	AOP:260	KE in AOP:260	AOP-Wiki
KE:1511	AOP:260	KE in AOP:260	AOP-Wiki
KE:1508	AOP:260	MIE in AOP:260	AOP-Wiki
KE:1509	AOP:260	MIE in AOP:260	AOP-Wiki
KE:1513	AOP:260	KE in AOP:260	AOP-Wiki
KE:1514	AOP:260	AO in AOP:260	AOP-Wiki
KE:1392	AOP:260	KE in AOP:260	AOP-Wiki
KE:1531	AOP:261	KE in AOP:261	AOP-Wiki
KE:1537	AOP:261	KE in AOP:261	AOP-Wiki
KE:1529	AOP:261	MIE in AOP:261	AOP-Wiki
KE:1532	AOP:261	KE in AOP:261	AOP-Wiki
KE:1533	AOP:261	KE in AOP:261	AOP-Wiki
KE:1535	AOP:261	AO in AOP:261	AOP-Wiki
KE:1530	AOP:261	KE in AOP:261	AOP-Wiki
KE:1536	AOP:261	KE in AOP:261	AOP-Wiki
KE:1521	AOP:263	AO in AOP:263	AOP-Wiki
KE:1446	AOP:263	MIE in AOP:263	AOP-Wiki
KE:1821	AOP:263	KE in AOP:263	AOP-Wiki
KE:1771	AOP:263	KE in AOP:263	AOP-Wiki
KE:1521	AOP:264	AO in AOP:264	AOP-Wiki
KE:55	AOP:264	KE in AOP:264	AOP-Wiki
KE:1446	AOP:264	MIE in AOP:264	AOP-Wiki
KE:1771	AOP:264	KE in AOP:264	AOP-Wiki
KE:2064	AOP:265	KE in AOP:265	AOP-Wiki
KE:1521	AOP:265	AO in AOP:265	AOP-Wiki
KE:55	AOP:265	KE in AOP:265	AOP-Wiki
KE:1446	AOP:265	MIE in AOP:265	AOP-Wiki
KE:55	AOP:266	KE in AOP:266	AOP-Wiki
KE:1562	AOP:266	KE in AOP:266	AOP-Wiki
KE:1446	AOP:266	MIE in AOP:266	AOP-Wiki
KE:1527	AOP:266	KE in AOP:266	AOP-Wiki
KE:1521	AOP:266	AO in AOP:266	AOP-Wiki
KE:1771	AOP:266	KE in AOP:266	AOP-Wiki
KE:2071	AOP:267	KE in AOP:267	AOP-Wiki
KE:1446	AOP:267	MIE in AOP:267	AOP-Wiki
KE:1521	AOP:267	AO in AOP:267	AOP-Wiki
KE:2070	AOP:267	KE in AOP:267	AOP-Wiki
KE:1821	AOP:267	KE in AOP:267	AOP-Wiki
KE:1521	AOP:268	AO in AOP:268	AOP-Wiki
KE:55	AOP:268	KE in AOP:268	AOP-Wiki
KE:1446	AOP:268	MIE in AOP:268	AOP-Wiki
KE:2072	AOP:268	KE in AOP:268	AOP-Wiki
KE:10012	AOP:269	KE in AOP:269	AOP-Wiki
KE:10013	AOP:269	AO in AOP:269	AOP-Wiki
KE:10008	AOP:269	MIE in AOP:269	AOP-Wiki
KE:10010	AOP:269	KE in AOP:269	AOP-Wiki
KE:10009	AOP:269	MIE in AOP:269	AOP-Wiki
KE:10011	AOP:269	KE in AOP:269	AOP-Wiki
KE:10014	AOP:270	AO in AOP:270	AOP-Wiki
KE:10012	AOP:270	KE in AOP:270	AOP-Wiki
KE:10016	AOP:270	AO in AOP:270	AOP-Wiki
KE:10008	AOP:270	MIE in AOP:270	AOP-Wiki
KE:10015	AOP:270	AO in AOP:270	AOP-Wiki
KE:10010	AOP:270	KE in AOP:270	AOP-Wiki
KE:10009	AOP:270	MIE in AOP:270	AOP-Wiki
KE:10011	AOP:270	KE in AOP:270	AOP-Wiki
KE:219	AOP:271	KE in AOP:271	AOP-Wiki
KE:221	AOP:271	KE in AOP:271	AOP-Wiki
KE:277	AOP:271	KE in AOP:271	AOP-Wiki
KE:78	AOP:271	AO in AOP:271	AOP-Wiki
KE:279	AOP:271	MIE in AOP:271	AOP-Wiki
KE:1635	AOP:272	KE in AOP:272	AOP-Wiki
KE:1556	AOP:272	AO in AOP:272	AOP-Wiki
KE:870	AOP:272	KE in AOP:272	AOP-Wiki
KE:155	AOP:272	KE in AOP:272	AOP-Wiki
KE:1686	AOP:272	MIE in AOP:272	AOP-Wiki
KE:185	AOP:272	KE in AOP:272	AOP-Wiki
KE:1636	AOP:272	KE in AOP:272	AOP-Wiki
KE:1558	AOP:274	KE in AOP:274	AOP-Wiki
KE:1502	AOP:274	MIE in AOP:274	AOP-Wiki
KE:1557	AOP:274	KE in AOP:274	AOP-Wiki
KE:1559	AOP:274	AO in AOP:274	AOP-Wiki
KE:1503	AOP:275	KE in AOP:275	AOP-Wiki
KE:1502	AOP:275	MIE in AOP:275	AOP-Wiki
KE:1561	AOP:275	AO in AOP:275	AOP-Wiki
KE:1239	AOP:275	KE in AOP:275	AOP-Wiki
KE:1560	AOP:275	KE in AOP:275	AOP-Wiki
KE:1564	AOP:276	AO in AOP:276	AOP-Wiki
KE:1562	AOP:276	KE in AOP:276	AOP-Wiki
KE:1563	AOP:276	KE in AOP:276	AOP-Wiki
KE:887	AOP:276	KE in AOP:276	AOP-Wiki
KE:1477	AOP:276	KE in AOP:276	AOP-Wiki
KE:888	AOP:276	MIE in AOP:276	AOP-Wiki
KE:984	AOP:277	AO in AOP:277	AOP-Wiki
KE:202	AOP:277	KE in AOP:277	AOP-Wiki
KE:1700	AOP:277	MIE in AOP:277	AOP-Wiki
KE:1702	AOP:277	KE in AOP:277	AOP-Wiki
KE:55	AOP:278	KE in AOP:278	AOP-Wiki
KE:1548	AOP:278	AO in AOP:278	AOP-Wiki
KE:1576	AOP:278	KE in AOP:278	AOP-Wiki
KE:1575	AOP:278	KE in AOP:278	AOP-Wiki
KE:1579	AOP:278	KE in AOP:278	AOP-Wiki
KE:1549	AOP:278	AO in AOP:278	AOP-Wiki
KE:1574	AOP:278	MIE in AOP:278	AOP-Wiki
KE:202	AOP:278	KE in AOP:278	AOP-Wiki
KE:1583	AOP:279	AO in AOP:279	AOP-Wiki
KE:1580	AOP:279	MIE in AOP:279	AOP-Wiki
KE:1582	AOP:279	KE in AOP:279	AOP-Wiki
KE:1581	AOP:279	KE in AOP:279	AOP-Wiki
KE:1587	AOP:280	KE in AOP:280	AOP-Wiki
KE:1457	AOP:280	KE in AOP:280	AOP-Wiki
KE:1585	AOP:280	KE in AOP:280	AOP-Wiki
KE:1588	AOP:280	AO in AOP:280	AOP-Wiki
KE:149	AOP:280	KE in AOP:280	AOP-Wiki
KE:1586	AOP:280	KE in AOP:280	AOP-Wiki
KE:1584	AOP:280	MIE in AOP:280	AOP-Wiki
KE:1788	AOP:281	KE in AOP:281	AOP-Wiki
KE:1350	AOP:281	KE in AOP:281	AOP-Wiki
KE:389	AOP:281	KE in AOP:281	AOP-Wiki
KE:55	AOP:281	KE in AOP:281	AOP-Wiki
KE:10	AOP:281	KE in AOP:281	AOP-Wiki
KE:1623	AOP:281	KE in AOP:281	AOP-Wiki
KE:1602	AOP:281	KE in AOP:281	AOP-Wiki
KE:352	AOP:281	AO in AOP:281	AOP-Wiki
KE:12	AOP:281	MIE in AOP:281	AOP-Wiki
KE:388	AOP:281	KE in AOP:281	AOP-Wiki
KE:1594	AOP:282	KE in AOP:282	AOP-Wiki
KE:1115	AOP:282	MIE in AOP:282	AOP-Wiki
KE:1595	AOP:282	KE in AOP:282	AOP-Wiki
KE:1599	AOP:282	AO in AOP:282	AOP-Wiki
KE:1521	AOP:286	AO in AOP:286	AOP-Wiki
KE:1542	AOP:286	MIE in AOP:286	AOP-Wiki
KE:1821	AOP:286	KE in AOP:286	AOP-Wiki
KE:1771	AOP:286	KE in AOP:286	AOP-Wiki
KE:1521	AOP:287	AO in AOP:287	AOP-Wiki
KE:1825	AOP:287	KE in AOP:287	AOP-Wiki
KE:1542	AOP:287	MIE in AOP:287	AOP-Wiki
KE:1771	AOP:287	KE in AOP:287	AOP-Wiki
KE:1614	AOP:288	KE in AOP:288	AOP-Wiki
KE:1613	AOP:288	KE in AOP:288	AOP-Wiki
KE:1610	AOP:288	KE in AOP:288	AOP-Wiki
KE:1615	AOP:288	KE in AOP:288	AOP-Wiki
KE:1616	AOP:288	AO in AOP:288	AOP-Wiki
KE:1690	AOP:288	KE in AOP:288	AOP-Wiki
KE:1611	AOP:288	KE in AOP:288	AOP-Wiki
KE:1609	AOP:288	MIE in AOP:288	AOP-Wiki
KE:360	AOP:289	AO in AOP:289	AOP-Wiki
KE:1613	AOP:289	KE in AOP:289	AOP-Wiki
KE:1617	AOP:289	MIE in AOP:289	AOP-Wiki
KE:219	AOP:289	KE in AOP:289	AOP-Wiki
KE:221	AOP:289	KE in AOP:289	AOP-Wiki
KE:78	AOP:289	KE in AOP:289	AOP-Wiki
KE:1785	AOP:290	MIE in AOP:290	AOP-Wiki
KE:1521	AOP:290	AO in AOP:290	AOP-Wiki
KE:1821	AOP:290	KE in AOP:290	AOP-Wiki
KE:1771	AOP:290	KE in AOP:290	AOP-Wiki
KE:1785	AOP:291	MIE in AOP:291	AOP-Wiki
KE:1521	AOP:291	AO in AOP:291	AOP-Wiki
KE:1825	AOP:291	KE in AOP:291	AOP-Wiki
KE:1771	AOP:291	KE in AOP:291	AOP-Wiki
KE:360	AOP:292	AO in AOP:292	AOP-Wiki
KE:1628	AOP:292	KE in AOP:292	AOP-Wiki
KE:1631	AOP:292	KE in AOP:292	AOP-Wiki
KE:1629	AOP:292	KE in AOP:292	AOP-Wiki
KE:1630	AOP:292	KE in AOP:292	AOP-Wiki
KE:1627	AOP:292	MIE in AOP:292	AOP-Wiki
KE:1632	AOP:293	KE in AOP:293	AOP-Wiki
KE:1192	AOP:293	AO in AOP:293	AOP-Wiki
KE:1193	AOP:293	AO in AOP:293	AOP-Wiki
KE:1494	AOP:293	KE in AOP:293	AOP-Wiki
KE:1493	AOP:293	KE in AOP:293	AOP-Wiki
KE:185	AOP:293	AO in AOP:293	AOP-Wiki
KE:1492	AOP:293	KE in AOP:293	AOP-Wiki
KE:1194	AOP:293	MIE in AOP:293	AOP-Wiki
KE:1182	AOP:293	KE in AOP:293	AOP-Wiki
KE:1632	AOP:294	MIE in AOP:294	AOP-Wiki
KE:1192	AOP:294	AO in AOP:294	AOP-Wiki
KE:1193	AOP:294	AO in AOP:294	AOP-Wiki
KE:1494	AOP:294	KE in AOP:294	AOP-Wiki
KE:1493	AOP:294	KE in AOP:294	AOP-Wiki
KE:185	AOP:294	AO in AOP:294	AOP-Wiki
KE:1194	AOP:294	AO in AOP:294	AOP-Wiki
KE:1492	AOP:294	KE in AOP:294	AOP-Wiki
KE:1182	AOP:294	KE in AOP:294	AOP-Wiki
KE:1635	AOP:296	KE in AOP:296	AOP-Wiki
KE:1634	AOP:296	MIE in AOP:296	AOP-Wiki
KE:155	AOP:296	KE in AOP:296	AOP-Wiki
KE:185	AOP:296	AO in AOP:296	AOP-Wiki
KE:1636	AOP:296	AO in AOP:296	AOP-Wiki
KE:360	AOP:297	AO in AOP:297	AOP-Wiki
KE:1643	AOP:297	KE in AOP:297	AOP-Wiki
KE:1637	AOP:297	MIE in AOP:297	AOP-Wiki
KE:1640	AOP:297	KE in AOP:297	AOP-Wiki
KE:1642	AOP:297	KE in AOP:297	AOP-Wiki
KE:1641	AOP:297	KE in AOP:297	AOP-Wiki
KE:1754	AOP:298	KE in AOP:298	AOP-Wiki
KE:1651	AOP:298	AO in AOP:298	AOP-Wiki
KE:1755	AOP:298	KE in AOP:298	AOP-Wiki
KE:1457	AOP:298	KE in AOP:298	AOP-Wiki
KE:1115	AOP:298	MIE in AOP:298	AOP-Wiki
KE:1753	AOP:298	MIE in AOP:298	AOP-Wiki
KE:360	AOP:299	AO in AOP:299	AOP-Wiki
KE:1366	AOP:299	KE in AOP:299	AOP-Wiki
KE:1634	AOP:299	KE in AOP:299	AOP-Wiki
KE:1686	AOP:299	MIE in AOP:299	AOP-Wiki
KE:1444	AOP:299	KE in AOP:299	AOP-Wiki
KE:1115	AOP:299	KE in AOP:299	AOP-Wiki
KE:78	AOP:299	AO in AOP:299	AOP-Wiki
KE:756	AOP:300	KE in AOP:300	AOP-Wiki
KE:757	AOP:300	KE in AOP:300	AOP-Wiki
KE:1656	AOP:300	MIE in AOP:300	AOP-Wiki
KE:402	AOP:300	AO in AOP:300	AOP-Wiki
KE:758	AOP:300	KE in AOP:300	AOP-Wiki
KE:1657	AOP:301	MIE in AOP:301	AOP-Wiki
KE:1666	AOP:301	KE in AOP:301	AOP-Wiki
KE:1667	AOP:301	AO in AOP:301	AOP-Wiki
KE:1665	AOP:301	KE in AOP:301	AOP-Wiki
KE:1661	AOP:301	KE in AOP:301	AOP-Wiki
KE:1673	AOP:302	KE in AOP:302	AOP-Wiki
KE:1498	AOP:302	KE in AOP:302	AOP-Wiki
KE:1677	AOP:302	KE in AOP:302	AOP-Wiki
KE:1250	AOP:302	AO in AOP:302	AOP-Wiki
KE:1672	AOP:302	MIE in AOP:302	AOP-Wiki
KE:870	AOP:303	KE in AOP:303	AOP-Wiki
KE:1670	AOP:303	AO in AOP:303	AOP-Wiki
KE:1115	AOP:303	KE in AOP:303	AOP-Wiki
KE:87	AOP:303	KE in AOP:303	AOP-Wiki
KE:1668	AOP:303	MIE in AOP:303	AOP-Wiki
KE:1669	AOP:303	KE in AOP:303	AOP-Wiki
KE:1497	AOP:303	KE in AOP:303	AOP-Wiki
KE:1683	AOP:304	KE in AOP:304	AOP-Wiki
KE:1680	AOP:304	MIE in AOP:304	AOP-Wiki
KE:1682	AOP:304	KE in AOP:304	AOP-Wiki
KE:1681	AOP:304	KE in AOP:304	AOP-Wiki
KE:1684	AOP:304	KE in AOP:304	AOP-Wiki
KE:1685	AOP:304	AO in AOP:304	AOP-Wiki
KE:1614	AOP:305	KE in AOP:305	AOP-Wiki
KE:1688	AOP:305	AO in AOP:305	AOP-Wiki
KE:1613	AOP:305	KE in AOP:305	AOP-Wiki
KE:1617	AOP:305	MIE in AOP:305	AOP-Wiki
KE:286	AOP:305	KE in AOP:305	AOP-Wiki
KE:1614	AOP:306	KE in AOP:306	AOP-Wiki
KE:26	AOP:306	MIE in AOP:306	AOP-Wiki
KE:286	AOP:306	KE in AOP:306	AOP-Wiki
KE:1688	AOP:306	AO in AOP:306	AOP-Wiki
KE:1693	AOP:309	KE in AOP:309	AOP-Wiki
KE:1694	AOP:309	KE in AOP:309	AOP-Wiki
KE:1695	AOP:309	KE in AOP:309	AOP-Wiki
KE:679	AOP:309	AO in AOP:309	AOP-Wiki
KE:1696	AOP:309	KE in AOP:309	AOP-Wiki
KE:1692	AOP:309	KE in AOP:309	AOP-Wiki
KE:1691	AOP:309	MIE in AOP:309	AOP-Wiki
KE:18	AOP:310	MIE in AOP:310	AOP-Wiki
KE:360	AOP:310	AO in AOP:310	AOP-Wiki
KE:1699	AOP:310	KE in AOP:310	AOP-Wiki
KE:944	AOP:310	KE in AOP:310	AOP-Wiki
KE:219	AOP:310	KE in AOP:310	AOP-Wiki
KE:285	AOP:310	KE in AOP:310	AOP-Wiki
KE:1698	AOP:310	KE in AOP:310	AOP-Wiki
KE:221	AOP:310	KE in AOP:310	AOP-Wiki
KE:78	AOP:310	AO in AOP:310	AOP-Wiki
KE:309	AOP:310	KE in AOP:310	AOP-Wiki
KE:3	AOP:310	KE in AOP:310	AOP-Wiki
KE:1697	AOP:310	KE in AOP:310	AOP-Wiki
KE:360	AOP:311	AO in AOP:311	AOP-Wiki
KE:1366	AOP:311	KE in AOP:311	AOP-Wiki
KE:1634	AOP:311	KE in AOP:311	AOP-Wiki
KE:1686	AOP:311	MIE in AOP:311	AOP-Wiki
KE:1775	AOP:311	KE in AOP:311	AOP-Wiki
KE:1115	AOP:311	KE in AOP:311	AOP-Wiki
KE:78	AOP:311	AO in AOP:311	AOP-Wiki
KE:360	AOP:312	AO in AOP:312	AOP-Wiki
KE:10	AOP:312	KE in AOP:312	AOP-Wiki
KE:1705	AOP:312	KE in AOP:312	AOP-Wiki
KE:12	AOP:312	MIE in AOP:312	AOP-Wiki
KE:351	AOP:312	AO in AOP:312	AOP-Wiki
KE:39	AOP:312	KE in AOP:312	AOP-Wiki
KE:1708	AOP:313	KE in AOP:313	AOP-Wiki
KE:1709	AOP:313	AO in AOP:313	AOP-Wiki
KE:1706	AOP:313	MIE in AOP:313	AOP-Wiki
KE:1707	AOP:313	KE in AOP:313	AOP-Wiki
KE:1822	AOP:313	KE in AOP:313	AOP-Wiki
KE:1712	AOP:314	KE in AOP:314	AOP-Wiki
KE:1714	AOP:314	AO in AOP:314	AOP-Wiki
KE:1710	AOP:314	MIE in AOP:314	AOP-Wiki
KE:1711	AOP:314	KE in AOP:314	AOP-Wiki
KE:1713	AOP:314	KE in AOP:314	AOP-Wiki
KE:1717	AOP:315	KE in AOP:315	AOP-Wiki
KE:1715	AOP:315	MIE in AOP:315	AOP-Wiki
KE:1718	AOP:315	KE in AOP:315	AOP-Wiki
KE:1719	AOP:315	AO in AOP:315	AOP-Wiki
KE:1716	AOP:315	KE in AOP:315	AOP-Wiki
KE:1724	AOP:316	KE in AOP:316	AOP-Wiki
KE:1721	AOP:316	KE in AOP:316	AOP-Wiki
KE:1723	AOP:316	KE in AOP:316	AOP-Wiki
KE:1720	AOP:316	MIE in AOP:316	AOP-Wiki
KE:1725	AOP:316	AO in AOP:316	AOP-Wiki
KE:1722	AOP:316	KE in AOP:316	AOP-Wiki
KE:122	AOP:318	MIE in AOP:318	AOP-Wiki
KE:459	AOP:318	AO in AOP:318	AOP-Wiki
KE:860	AOP:318	KE in AOP:318	AOP-Wiki
KE:1834	AOP:318	KE in AOP:318	AOP-Wiki
KE:291	AOP:318	KE in AOP:318	AOP-Wiki
KE:1750	AOP:320	KE in AOP:320	AOP-Wiki
KE:1847	AOP:320	KE in AOP:320	AOP-Wiki
KE:1739	AOP:320	MIE in AOP:320	AOP-Wiki
KE:1496	AOP:320	KE in AOP:320	AOP-Wiki
KE:1748	AOP:320	KE in AOP:320	AOP-Wiki
KE:1848	AOP:320	KE in AOP:320	AOP-Wiki
KE:351	AOP:320	AO in AOP:320	AOP-Wiki
KE:1901	AOP:320	KE in AOP:320	AOP-Wiki
KE:1738	AOP:320	KE in AOP:320	AOP-Wiki
KE:10039	AOP:321	KE in AOP:321	AOP-Wiki
KE:10035	AOP:321	MIE in AOP:321	AOP-Wiki
KE:10036	AOP:321	KE in AOP:321	AOP-Wiki
KE:10040	AOP:321	KE in AOP:321	AOP-Wiki
KE:10042	AOP:321	KE in AOP:321	AOP-Wiki
KE:10043	AOP:321	KE in AOP:321	AOP-Wiki
KE:10037	AOP:321	KE in AOP:321	AOP-Wiki
KE:361	AOP:321	AO in AOP:321	AOP-Wiki
KE:592	AOP:321	KE in AOP:321	AOP-Wiki
KE:10041	AOP:321	KE in AOP:321	AOP-Wiki
KE:10038	AOP:321	KE in AOP:321	AOP-Wiki
KE:1635	AOP:322	KE in AOP:322	AOP-Wiki
KE:155	AOP:322	KE in AOP:322	AOP-Wiki
KE:97	AOP:322	MIE in AOP:322	AOP-Wiki
KE:1757	AOP:322	AO in AOP:322	AOP-Wiki
KE:1365	AOP:322	KE in AOP:322	AOP-Wiki
KE:360	AOP:323	AO in AOP:323	AOP-Wiki
KE:2147	AOP:323	AO in AOP:323	AOP-Wiki
KE:227	AOP:323	MIE in AOP:323	AOP-Wiki
KE:1758	AOP:323	KE in AOP:323	AOP-Wiki
KE:1756	AOP:323	KE in AOP:323	AOP-Wiki
KE:807	AOP:323	KE in AOP:323	AOP-Wiki
KE:1115	AOP:324	MIE in AOP:324	AOP-Wiki
KE:1521	AOP:324	AO in AOP:324	AOP-Wiki
KE:1634	AOP:324	KE in AOP:324	AOP-Wiki
KE:55	AOP:324	KE in AOP:324	AOP-Wiki
KE:1115	AOP:325	MIE in AOP:325	AOP-Wiki
KE:1521	AOP:325	AO in AOP:325	AOP-Wiki
KE:55	AOP:325	KE in AOP:325	AOP-Wiki
KE:1445	AOP:325	KE in AOP:325	AOP-Wiki
KE:1115	AOP:326	MIE in AOP:326	AOP-Wiki
KE:1521	AOP:326	AO in AOP:326	AOP-Wiki
KE:1767	AOP:326	KE in AOP:326	AOP-Wiki
KE:55	AOP:326	KE in AOP:326	AOP-Wiki
KE:350	AOP:327	AO in AOP:327	AOP-Wiki
KE:1115	AOP:327	MIE in AOP:327	AOP-Wiki
KE:1767	AOP:327	KE in AOP:327	AOP-Wiki
KE:1769	AOP:327	KE in AOP:327	AOP-Wiki
KE:1768	AOP:327	KE in AOP:327	AOP-Wiki
KE:350	AOP:328	AO in AOP:328	AOP-Wiki
KE:1115	AOP:328	MIE in AOP:328	AOP-Wiki
KE:1477	AOP:328	KE in AOP:328	AOP-Wiki
KE:1771	AOP:328	KE in AOP:328	AOP-Wiki
KE:1770	AOP:328	KE in AOP:328	AOP-Wiki
KE:1445	AOP:329	KE in AOP:329	AOP-Wiki
KE:350	AOP:329	AO in AOP:329	AOP-Wiki
KE:1115	AOP:329	MIE in AOP:329	AOP-Wiki
KE:1772	AOP:329	KE in AOP:329	AOP-Wiki
KE:1771	AOP:329	KE in AOP:329	AOP-Wiki
KE:350	AOP:330	AO in AOP:330	AOP-Wiki
KE:1634	AOP:330	KE in AOP:330	AOP-Wiki
KE:1461	AOP:330	KE in AOP:330	AOP-Wiki
KE:1115	AOP:330	MIE in AOP:330	AOP-Wiki
KE:1365	AOP:330	KE in AOP:330	AOP-Wiki
KE:1635	AOP:331	KE in AOP:331	AOP-Wiki
KE:1634	AOP:331	KE in AOP:331	AOP-Wiki
KE:1115	AOP:331	MIE in AOP:331	AOP-Wiki
KE:1505	AOP:331	KE in AOP:331	AOP-Wiki
KE:1521	AOP:331	AO in AOP:331	AOP-Wiki
KE:1821	AOP:331	KE in AOP:331	AOP-Wiki
KE:1445	AOP:332	KE in AOP:332	AOP-Wiki
KE:1115	AOP:332	MIE in AOP:332	AOP-Wiki
KE:1505	AOP:332	KE in AOP:332	AOP-Wiki
KE:1521	AOP:332	AO in AOP:332	AOP-Wiki
KE:1821	AOP:332	KE in AOP:332	AOP-Wiki
KE:1115	AOP:333	MIE in AOP:333	AOP-Wiki
KE:1446	AOP:333	KE in AOP:333	AOP-Wiki
KE:1521	AOP:333	AO in AOP:333	AOP-Wiki
KE:1821	AOP:333	KE in AOP:333	AOP-Wiki
KE:1771	AOP:333	KE in AOP:333	AOP-Wiki
KE:2089	AOP:334	KE in AOP:334	AOP-Wiki
KE:360	AOP:334	AO in AOP:334	AOP-Wiki
KE:122	AOP:334	MIE in AOP:334	AOP-Wiki
KE:1761	AOP:334	KE in AOP:334	AOP-Wiki
KE:1005	AOP:334	KE in AOP:334	AOP-Wiki
KE:2245	AOP:334	KE in AOP:334	AOP-Wiki
KE:177	AOP:335	MIE in AOP:335	AOP-Wiki
KE:796	AOP:335	KE in AOP:335	AOP-Wiki
KE:1762	AOP:335	KE in AOP:335	AOP-Wiki
KE:795	AOP:335	KE in AOP:335	AOP-Wiki
KE:1763	AOP:335	AO in AOP:335	AOP-Wiki
KE:360	AOP:336	AO in AOP:336	AOP-Wiki
KE:1366	AOP:336	KE in AOP:336	AOP-Wiki
KE:1775	AOP:336	KE in AOP:336	AOP-Wiki
KE:1773	AOP:336	KE in AOP:336	AOP-Wiki
KE:328	AOP:336	AO in AOP:336	AOP-Wiki
KE:1619	AOP:336	MIE in AOP:336	AOP-Wiki
KE:1774	AOP:336	KE in AOP:336	AOP-Wiki
KE:360	AOP:337	AO in AOP:337	AOP-Wiki
KE:1366	AOP:337	KE in AOP:337	AOP-Wiki
KE:1619	AOP:337	MIE in AOP:337	AOP-Wiki
KE:1773	AOP:337	KE in AOP:337	AOP-Wiki
KE:1776	AOP:337	KE in AOP:337	AOP-Wiki
KE:328	AOP:337	AO in AOP:337	AOP-Wiki
KE:1777	AOP:337	KE in AOP:337	AOP-Wiki
KE:1774	AOP:337	KE in AOP:337	AOP-Wiki
KE:360	AOP:338	AO in AOP:338	AOP-Wiki
KE:1366	AOP:338	KE in AOP:338	AOP-Wiki
KE:1461	AOP:338	KE in AOP:338	AOP-Wiki
KE:1775	AOP:338	KE in AOP:338	AOP-Wiki
KE:328	AOP:338	AO in AOP:338	AOP-Wiki
KE:1619	AOP:338	MIE in AOP:338	AOP-Wiki
KE:1774	AOP:338	KE in AOP:338	AOP-Wiki
KE:360	AOP:339	AO in AOP:339	AOP-Wiki
KE:1366	AOP:339	KE in AOP:339	AOP-Wiki
KE:1461	AOP:339	KE in AOP:339	AOP-Wiki
KE:1619	AOP:339	MIE in AOP:339	AOP-Wiki
KE:1776	AOP:339	KE in AOP:339	AOP-Wiki
KE:328	AOP:339	AO in AOP:339	AOP-Wiki
KE:1777	AOP:339	KE in AOP:339	AOP-Wiki
KE:1774	AOP:339	KE in AOP:339	AOP-Wiki
KE:1779	AOP:340	KE in AOP:340	AOP-Wiki
KE:1778	AOP:340	KE in AOP:340	AOP-Wiki
KE:360	AOP:340	AO in AOP:340	AOP-Wiki
KE:1780	AOP:340	KE in AOP:340	AOP-Wiki
KE:1773	AOP:340	KE in AOP:340	AOP-Wiki
KE:1782	AOP:340	KE in AOP:340	AOP-Wiki
KE:1619	AOP:340	MIE in AOP:340	AOP-Wiki
KE:1781	AOP:340	AO in AOP:340	AOP-Wiki
KE:1779	AOP:341	KE in AOP:341	AOP-Wiki
KE:1778	AOP:341	KE in AOP:341	AOP-Wiki
KE:1783	AOP:341	KE in AOP:341	AOP-Wiki
KE:1784	AOP:341	KE in AOP:341	AOP-Wiki
KE:360	AOP:341	AO in AOP:341	AOP-Wiki
KE:1773	AOP:341	KE in AOP:341	AOP-Wiki
KE:1782	AOP:341	KE in AOP:341	AOP-Wiki
KE:1619	AOP:341	MIE in AOP:341	AOP-Wiki
KE:1781	AOP:341	AO in AOP:341	AOP-Wiki
KE:1524	AOP:342	KE in AOP:342	AOP-Wiki
KE:1522	AOP:342	MIE in AOP:342	AOP-Wiki
KE:1523	AOP:342	KE in AOP:342	AOP-Wiki
KE:350	AOP:342	AO in AOP:342	AOP-Wiki
KE:1523	AOP:343	KE in AOP:343	AOP-Wiki
KE:350	AOP:343	AO in AOP:343	AOP-Wiki
KE:1525	AOP:343	MIE in AOP:343	AOP-Wiki
KE:1526	AOP:343	KE in AOP:343	AOP-Wiki
KE:1524	AOP:343	KE in AOP:343	AOP-Wiki
KE:1527	AOP:343	KE in AOP:343	AOP-Wiki
KE:1614	AOP:344	KE in AOP:344	AOP-Wiki
KE:26	AOP:344	MIE in AOP:344	AOP-Wiki
KE:1786	AOP:344	AO in AOP:344	AOP-Wiki
KE:286	AOP:344	KE in AOP:344	AOP-Wiki
KE:1614	AOP:345	KE in AOP:345	AOP-Wiki
KE:26	AOP:345	MIE in AOP:345	AOP-Wiki
KE:1800	AOP:345	KE in AOP:345	AOP-Wiki
KE:406	AOP:345	AO in AOP:345	AOP-Wiki
KE:286	AOP:345	KE in AOP:345	AOP-Wiki
KE:405	AOP:345	AO in AOP:345	AOP-Wiki
KE:360	AOP:346	AO in AOP:346	AOP-Wiki
KE:1789	AOP:346	KE in AOP:346	AOP-Wiki
KE:36	AOP:346	MIE in AOP:346	AOP-Wiki
KE:1791	AOP:346	KE in AOP:346	AOP-Wiki
KE:1790	AOP:346	KE in AOP:346	AOP-Wiki
KE:1458	AOP:347	AO in AOP:347	AOP-Wiki
KE:1792	AOP:347	MIE in AOP:347	AOP-Wiki
KE:1292	AOP:347	KE in AOP:347	AOP-Wiki
KE:1794	AOP:347	KE in AOP:347	AOP-Wiki
KE:1270	AOP:347	MIE in AOP:347	AOP-Wiki
KE:1457	AOP:347	KE in AOP:347	AOP-Wiki
KE:1283	AOP:347	KE in AOP:347	AOP-Wiki
KE:1795	AOP:347	KE in AOP:347	AOP-Wiki
KE:1793	AOP:347	KE in AOP:347	AOP-Wiki
KE:360	AOP:348	AO in AOP:348	AOP-Wiki
KE:406	AOP:348	KE in AOP:348	AOP-Wiki
KE:1799	AOP:348	MIE in AOP:348	AOP-Wiki
KE:1758	AOP:348	KE in AOP:348	AOP-Wiki
KE:1756	AOP:348	KE in AOP:348	AOP-Wiki
KE:360	AOP:349	AO in AOP:349	AOP-Wiki
KE:1836	AOP:349	KE in AOP:349	AOP-Wiki
KE:1796	AOP:349	MIE in AOP:349	AOP-Wiki
KE:1837	AOP:349	KE in AOP:349	AOP-Wiki
KE:406	AOP:349	KE in AOP:349	AOP-Wiki
KE:1756	AOP:349	KE in AOP:349	AOP-Wiki
KE:1798	AOP:349	KE in AOP:349	AOP-Wiki
KE:1835	AOP:349	KE in AOP:349	AOP-Wiki
KE:1524	AOP:358	KE in AOP:358	AOP-Wiki
KE:1806	AOP:358	MIE in AOP:358	AOP-Wiki
KE:350	AOP:358	AO in AOP:358	AOP-Wiki
KE:996	AOP:358	KE in AOP:358	AOP-Wiki
KE:1524	AOP:359	KE in AOP:359	AOP-Wiki
KE:1807	AOP:359	MIE in AOP:359	AOP-Wiki
KE:350	AOP:359	AO in AOP:359	AOP-Wiki
KE:996	AOP:359	KE in AOP:359	AOP-Wiki
KE:1524	AOP:360	KE in AOP:360	AOP-Wiki
KE:1522	AOP:360	MIE in AOP:360	AOP-Wiki
KE:1523	AOP:360	KE in AOP:360	AOP-Wiki
KE:350	AOP:360	AO in AOP:360	AOP-Wiki
KE:1523	AOP:361	KE in AOP:361	AOP-Wiki
KE:350	AOP:361	AO in AOP:361	AOP-Wiki
KE:1525	AOP:361	MIE in AOP:361	AOP-Wiki
KE:1526	AOP:361	KE in AOP:361	AOP-Wiki
KE:1524	AOP:361	KE in AOP:361	AOP-Wiki
KE:1527	AOP:361	KE in AOP:361	AOP-Wiki
KE:177	AOP:362	KE in AOP:362	AOP-Wiki
KE:1814	AOP:362	MIE in AOP:362	AOP-Wiki
KE:1815	AOP:362	KE in AOP:362	AOP-Wiki
KE:1633	AOP:362	KE in AOP:362	AOP-Wiki
KE:1818	AOP:362	KE in AOP:362	AOP-Wiki
KE:1817	AOP:362	KE in AOP:362	AOP-Wiki
KE:1820	AOP:362	AO in AOP:362	AOP-Wiki
KE:1819	AOP:362	KE in AOP:362	AOP-Wiki
KE:1643	AOP:363	KE in AOP:363	AOP-Wiki
KE:360	AOP:363	AO in AOP:363	AOP-Wiki
KE:1003	AOP:363	KE in AOP:363	AOP-Wiki
KE:279	AOP:363	MIE in AOP:363	AOP-Wiki
KE:1877	AOP:363	KE in AOP:363	AOP-Wiki
KE:277	AOP:363	KE in AOP:363	AOP-Wiki
KE:281	AOP:363	KE in AOP:363	AOP-Wiki
KE:351	AOP:363	AO in AOP:363	AOP-Wiki
KE:1643	AOP:364	KE in AOP:364	AOP-Wiki
KE:360	AOP:364	AO in AOP:364	AOP-Wiki
KE:1878	AOP:364	KE in AOP:364	AOP-Wiki
KE:1003	AOP:364	KE in AOP:364	AOP-Wiki
KE:279	AOP:364	MIE in AOP:364	AOP-Wiki
KE:277	AOP:364	KE in AOP:364	AOP-Wiki
KE:281	AOP:364	KE in AOP:364	AOP-Wiki
KE:351	AOP:364	AO in AOP:364	AOP-Wiki
KE:1643	AOP:365	KE in AOP:365	AOP-Wiki
KE:360	AOP:365	AO in AOP:365	AOP-Wiki
KE:1003	AOP:365	KE in AOP:365	AOP-Wiki
KE:1640	AOP:365	KE in AOP:365	AOP-Wiki
KE:279	AOP:365	MIE in AOP:365	AOP-Wiki
KE:277	AOP:365	KE in AOP:365	AOP-Wiki
KE:281	AOP:365	KE in AOP:365	AOP-Wiki
KE:351	AOP:365	AO in AOP:365	AOP-Wiki
KE:957	AOP:366	MIE in AOP:366	AOP-Wiki
KE:1101	AOP:366	AO in AOP:366	AOP-Wiki
KE:959	AOP:366	KE in AOP:366	AOP-Wiki
KE:1830	AOP:366	KE in AOP:366	AOP-Wiki
KE:961	AOP:366	KE in AOP:366	AOP-Wiki
KE:1158	AOP:366	KE in AOP:366	AOP-Wiki
KE:281	AOP:366	KE in AOP:366	AOP-Wiki
KE:1101	AOP:367	AO in AOP:367	AOP-Wiki
KE:959	AOP:367	KE in AOP:367	AOP-Wiki
KE:1830	AOP:367	KE in AOP:367	AOP-Wiki
KE:961	AOP:367	KE in AOP:367	AOP-Wiki
KE:1158	AOP:367	KE in AOP:367	AOP-Wiki
KE:1831	AOP:367	MIE in AOP:367	AOP-Wiki
KE:281	AOP:367	KE in AOP:367	AOP-Wiki
KE:2312	AOP:368	AO in AOP:368	AOP-Wiki
KE:1825	AOP:368	KE in AOP:368	AOP-Wiki
KE:1840	AOP:368	MIE in AOP:368	AOP-Wiki
KE:1614	AOP:372	KE in AOP:372	AOP-Wiki
KE:1839	AOP:372	AO in AOP:372	AOP-Wiki
KE:26	AOP:372	MIE in AOP:372	AOP-Wiki
KE:286	AOP:372	KE in AOP:372	AOP-Wiki
KE:1616	AOP:372	KE in AOP:372	AOP-Wiki
KE:188	AOP:374	KE in AOP:374	AOP-Wiki
KE:352	AOP:374	KE in AOP:374	AOP-Wiki
KE:1841	AOP:374	AO in AOP:374	AOP-Wiki
KE:1739	AOP:374	MIE in AOP:374	AOP-Wiki
KE:25	AOP:376	MIE in AOP:376	AOP-Wiki
KE:360	AOP:376	AO in AOP:376	AOP-Wiki
KE:1791	AOP:376	KE in AOP:376	AOP-Wiki
KE:1790	AOP:376	KE in AOP:376	AOP-Wiki
KE:1869	AOP:379	KE in AOP:379	AOP-Wiki
KE:1847	AOP:379	KE in AOP:379	AOP-Wiki
KE:1739	AOP:379	MIE in AOP:379	AOP-Wiki
KE:1845	AOP:379	KE in AOP:379	AOP-Wiki
KE:1846	AOP:379	AO in AOP:379	AOP-Wiki
KE:1901	AOP:379	KE in AOP:379	AOP-Wiki
KE:1738	AOP:379	KE in AOP:379	AOP-Wiki
KE:1787	AOP:381	KE in AOP:381	AOP-Wiki
KE:1850	AOP:381	AO in AOP:381	AOP-Wiki
KE:1739	AOP:381	MIE in AOP:381	AOP-Wiki
KE:1856	AOP:381	KE in AOP:381	AOP-Wiki
KE:1752	AOP:381	KE in AOP:381	AOP-Wiki
KE:1849	AOP:381	KE in AOP:381	AOP-Wiki
KE:68	AOP:382	KE in AOP:382	AOP-Wiki
KE:1496	AOP:382	KE in AOP:382	AOP-Wiki
KE:1851	AOP:382	MIE in AOP:382	AOP-Wiki
KE:1115	AOP:382	KE in AOP:382	AOP-Wiki
KE:1172	AOP:382	KE in AOP:382	AOP-Wiki
KE:1276	AOP:382	AO in AOP:382	AOP-Wiki
KE:1743	AOP:383	KE in AOP:383	AOP-Wiki
KE:344	AOP:383	AO in AOP:383	AOP-Wiki
KE:1501	AOP:383	KE in AOP:383	AOP-Wiki
KE:1115	AOP:383	KE in AOP:383	AOP-Wiki
KE:1852	AOP:383	KE in AOP:383	AOP-Wiki
KE:1740	AOP:383	MIE in AOP:383	AOP-Wiki
KE:1855	AOP:384	KE in AOP:384	AOP-Wiki
KE:1603	AOP:384	AO in AOP:384	AOP-Wiki
KE:1115	AOP:384	KE in AOP:384	AOP-Wiki
KE:1752	AOP:384	KE in AOP:384	AOP-Wiki
KE:1853	AOP:384	MIE in AOP:384	AOP-Wiki
KE:1852	AOP:384	KE in AOP:384	AOP-Wiki
KE:360	AOP:386	AO in AOP:386	AOP-Wiki
KE:1862	AOP:386	KE in AOP:386	AOP-Wiki
KE:1863	AOP:386	AO in AOP:386	AOP-Wiki
KE:1475	AOP:386	KE in AOP:386	AOP-Wiki
KE:1472	AOP:386	KE in AOP:386	AOP-Wiki
KE:1686	AOP:386	MIE in AOP:386	AOP-Wiki
KE:1861	AOP:386	KE in AOP:386	AOP-Wiki
KE:1115	AOP:386	KE in AOP:386	AOP-Wiki
KE:360	AOP:387	AO in AOP:387	AOP-Wiki
KE:1863	AOP:387	AO in AOP:387	AOP-Wiki
KE:1472	AOP:387	KE in AOP:387	AOP-Wiki
KE:1686	AOP:387	MIE in AOP:387	AOP-Wiki
KE:1115	AOP:387	KE in AOP:387	AOP-Wiki
KE:1477	AOP:387	KE in AOP:387	AOP-Wiki
KE:40	AOP:387	KE in AOP:387	AOP-Wiki
KE:1770	AOP:387	KE in AOP:387	AOP-Wiki
KE:360	AOP:388	AO in AOP:388	AOP-Wiki
KE:1863	AOP:388	AO in AOP:388	AOP-Wiki
KE:1686	AOP:388	MIE in AOP:388	AOP-Wiki
KE:1194	AOP:388	KE in AOP:388	AOP-Wiki
KE:1864	AOP:388	KE in AOP:388	AOP-Wiki
KE:1479	AOP:389	KE in AOP:389	AOP-Wiki
KE:360	AOP:389	AO in AOP:389	AOP-Wiki
KE:1862	AOP:389	KE in AOP:389	AOP-Wiki
KE:1863	AOP:389	AO in AOP:389	AOP-Wiki
KE:1475	AOP:389	KE in AOP:389	AOP-Wiki
KE:1472	AOP:389	KE in AOP:389	AOP-Wiki
KE:1865	AOP:389	MIE in AOP:389	AOP-Wiki
KE:1868	AOP:392	AO in AOP:392	AOP-Wiki
KE:1496	AOP:392	KE in AOP:392	AOP-Wiki
KE:1866	AOP:392	MIE in AOP:392	AOP-Wiki
KE:1497	AOP:392	KE in AOP:392	AOP-Wiki
KE:1867	AOP:392	MIE in AOP:392	AOP-Wiki
KE:1870	AOP:394	KE in AOP:394	AOP-Wiki
KE:1873	AOP:394	AO in AOP:394	AOP-Wiki
KE:1847	AOP:394	KE in AOP:394	AOP-Wiki
KE:1739	AOP:394	MIE in AOP:394	AOP-Wiki
KE:1872	AOP:394	KE in AOP:394	AOP-Wiki
KE:1871	AOP:394	KE in AOP:394	AOP-Wiki
KE:1738	AOP:394	KE in AOP:394	AOP-Wiki
KE:1879	AOP:397	MIE in AOP:397	AOP-Wiki
KE:185	AOP:397	AO in AOP:397	AOP-Wiki
KE:155	AOP:397	KE in AOP:397	AOP-Wiki
KE:1881	AOP:398	KE in AOP:398	AOP-Wiki
KE:1882	AOP:398	KE in AOP:398	AOP-Wiki
KE:1883	AOP:398	KE in AOP:398	AOP-Wiki
KE:406	AOP:398	AO in AOP:398	AOP-Wiki
KE:1880	AOP:398	MIE in AOP:398	AOP-Wiki
KE:405	AOP:398	KE in AOP:398	AOP-Wiki
KE:1643	AOP:399	KE in AOP:399	AOP-Wiki
KE:360	AOP:399	AO in AOP:399	AOP-Wiki
KE:1878	AOP:399	KE in AOP:399	AOP-Wiki
KE:1885	AOP:399	KE in AOP:399	AOP-Wiki
KE:1884	AOP:399	MIE in AOP:399	AOP-Wiki
KE:351	AOP:399	AO in AOP:399	AOP-Wiki
KE:1886	AOP:399	KE in AOP:399	AOP-Wiki
KE:1821	AOP:399	KE in AOP:399	AOP-Wiki
KE:10	AOP:405	KE in AOP:405	AOP-Wiki
KE:386	AOP:405	KE in AOP:405	AOP-Wiki
KE:12	AOP:405	MIE in AOP:405	AOP-Wiki
KE:402	AOP:405	AO in AOP:405	AOP-Wiki
KE:39	AOP:405	KE in AOP:405	AOP-Wiki
KE:1895	AOP:406	KE in AOP:406	AOP-Wiki
KE:1868	AOP:406	AO in AOP:406	AOP-Wiki
KE:1869	AOP:406	KE in AOP:406	AOP-Wiki
KE:1847	AOP:406	KE in AOP:406	AOP-Wiki
KE:1739	AOP:406	MIE in AOP:406	AOP-Wiki
KE:1738	AOP:406	KE in AOP:406	AOP-Wiki
KE:870	AOP:409	KE in AOP:409	AOP-Wiki
KE:1090	AOP:409	AO in AOP:409	AOP-Wiki
KE:1496	AOP:409	KE in AOP:409	AOP-Wiki
KE:1115	AOP:409	KE in AOP:409	AOP-Wiki
KE:1668	AOP:409	MIE in AOP:409	AOP-Wiki
KE:1669	AOP:409	KE in AOP:409	AOP-Wiki
KE:1497	AOP:409	KE in AOP:409	AOP-Wiki
KE:1896	AOP:409	KE in AOP:409	AOP-Wiki
KE:360	AOP:410	AO in AOP:410	AOP-Wiki
KE:1008	AOP:410	KE in AOP:410	AOP-Wiki
KE:1825	AOP:410	KE in AOP:410	AOP-Wiki
KE:1903	AOP:410	KE in AOP:410	AOP-Wiki
KE:1902	AOP:410	KE in AOP:410	AOP-Wiki
KE:1930	AOP:410	KE in AOP:410	AOP-Wiki
KE:1647	AOP:410	MIE in AOP:410	AOP-Wiki
KE:1905	AOP:410	KE in AOP:410	AOP-Wiki
KE:1904	AOP:410	KE in AOP:410	AOP-Wiki
KE:351	AOP:410	AO in AOP:410	AOP-Wiki
KE:1908	AOP:411	KE in AOP:411	AOP-Wiki
KE:1250	AOP:411	AO in AOP:411	AOP-Wiki
KE:1909	AOP:411	KE in AOP:411	AOP-Wiki
KE:1392	AOP:411	MIE in AOP:411	AOP-Wiki
KE:1445	AOP:413	KE in AOP:413	AOP-Wiki
KE:1607	AOP:413	KE in AOP:413	AOP-Wiki
KE:926	AOP:413	MIE in AOP:413	AOP-Wiki
KE:1115	AOP:413	KE in AOP:413	AOP-Wiki
KE:759	AOP:413	KE in AOP:413	AOP-Wiki
KE:351	AOP:413	AO in AOP:413	AOP-Wiki
KE:1920	AOP:414	KE in AOP:414	AOP-Wiki
KE:1457	AOP:414	KE in AOP:414	AOP-Wiki
KE:1276	AOP:414	AO in AOP:414	AOP-Wiki
KE:1501	AOP:414	KE in AOP:414	AOP-Wiki
KE:18	AOP:414	MIE in AOP:414	AOP-Wiki
KE:1457	AOP:415	KE in AOP:415	AOP-Wiki
KE:1501	AOP:415	KE in AOP:415	AOP-Wiki
KE:1276	AOP:415	AO in AOP:415	AOP-Wiki
KE:1921	AOP:415	KE in AOP:415	AOP-Wiki
KE:18	AOP:415	MIE in AOP:415	AOP-Wiki
KE:1670	AOP:416	AO in AOP:416	AOP-Wiki
KE:1115	AOP:416	KE in AOP:416	AOP-Wiki
KE:1933	AOP:416	KE in AOP:416	AOP-Wiki
KE:1921	AOP:416	KE in AOP:416	AOP-Wiki
KE:1669	AOP:416	KE in AOP:416	AOP-Wiki
KE:18	AOP:416	MIE in AOP:416	AOP-Wiki
KE:1670	AOP:417	AO in AOP:417	AOP-Wiki
KE:17	AOP:417	KE in AOP:417	AOP-Wiki
KE:1669	AOP:417	KE in AOP:417	AOP-Wiki
KE:18	AOP:417	MIE in AOP:417	AOP-Wiki
KE:1922	AOP:417	KE in AOP:417	AOP-Wiki
KE:18	AOP:418	MIE in AOP:418	AOP-Wiki
KE:1825	AOP:418	KE in AOP:418	AOP-Wiki
KE:1115	AOP:418	KE in AOP:418	AOP-Wiki
KE:17	AOP:418	KE in AOP:418	AOP-Wiki
KE:1250	AOP:418	AO in AOP:418	AOP-Wiki
KE:1923	AOP:419	KE in AOP:419	AOP-Wiki
KE:18	AOP:419	MIE in AOP:419	AOP-Wiki
KE:1250	AOP:419	AO in AOP:419	AOP-Wiki
KE:1262	AOP:419	KE in AOP:419	AOP-Wiki
KE:1917	AOP:420	KE in AOP:420	AOP-Wiki
KE:18	AOP:420	MIE in AOP:420	AOP-Wiki
KE:1670	AOP:420	AO in AOP:420	AOP-Wiki
KE:870	AOP:420	KE in AOP:420	AOP-Wiki
KE:1931	AOP:422	AO in AOP:422	AOP-Wiki
KE:1847	AOP:422	KE in AOP:422	AOP-Wiki
KE:1739	AOP:422	MIE in AOP:422	AOP-Wiki
KE:1901	AOP:422	KE in AOP:422	AOP-Wiki
KE:1738	AOP:422	KE in AOP:422	AOP-Wiki
KE:177	AOP:423	KE in AOP:423	AOP-Wiki
KE:2031	AOP:423	KE in AOP:423	AOP-Wiki
KE:2030	AOP:423	MIE in AOP:423	AOP-Wiki
KE:1115	AOP:423	MIE in AOP:423	AOP-Wiki
KE:1194	AOP:423	KE in AOP:423	AOP-Wiki
KE:1817	AOP:423	AO in AOP:423	AOP-Wiki
KE:1907	AOP:424	KE in AOP:424	AOP-Wiki
KE:1906	AOP:424	KE in AOP:424	AOP-Wiki
KE:1909	AOP:424	KE in AOP:424	AOP-Wiki
KE:1908	AOP:424	KE in AOP:424	AOP-Wiki
KE:1250	AOP:424	AO in AOP:424	AOP-Wiki
KE:1392	AOP:424	MIE in AOP:424	AOP-Wiki
KE:1912	AOP:425	KE in AOP:425	AOP-Wiki
KE:1909	AOP:425	KE in AOP:425	AOP-Wiki
KE:1908	AOP:425	KE in AOP:425	AOP-Wiki
KE:1911	AOP:425	KE in AOP:425	AOP-Wiki
KE:1250	AOP:425	AO in AOP:425	AOP-Wiki
KE:1392	AOP:425	MIE in AOP:425	AOP-Wiki
KE:1954	AOP:428	AO in AOP:428	AOP-Wiki
KE:1854	AOP:428	KE in AOP:428	AOP-Wiki
KE:1739	AOP:428	MIE in AOP:428	AOP-Wiki
KE:1847	AOP:430	KE in AOP:430	AOP-Wiki
KE:1739	AOP:430	MIE in AOP:430	AOP-Wiki
KE:1901	AOP:430	KE in AOP:430	AOP-Wiki
KE:1738	AOP:430	KE in AOP:430	AOP-Wiki
KE:1939	AOP:430	AO in AOP:430	AOP-Wiki
KE:1953	AOP:431	AO in AOP:431	AOP-Wiki
KE:1952	AOP:431	KE in AOP:431	AOP-Wiki
KE:1949	AOP:431	KE in AOP:431	AOP-Wiki
KE:1950	AOP:431	MIE in AOP:431	AOP-Wiki
KE:1951	AOP:431	KE in AOP:431	AOP-Wiki
KE:1632	AOP:432	KE in AOP:432	AOP-Wiki
KE:403	AOP:432	KE in AOP:432	AOP-Wiki
KE:870	AOP:432	KE in AOP:432	AOP-Wiki
KE:10061	AOP:432	KE in AOP:432	AOP-Wiki
KE:155	AOP:432	KE in AOP:432	AOP-Wiki
KE:1686	AOP:432	MIE in AOP:432	AOP-Wiki
KE:1493	AOP:432	KE in AOP:432	AOP-Wiki
KE:876	AOP:432	KE in AOP:432	AOP-Wiki
KE:10062	AOP:432	KE in AOP:432	AOP-Wiki
KE:1194	AOP:432	KE in AOP:432	AOP-Wiki
KE:1955	AOP:432	AO in AOP:432	AOP-Wiki
KE:1961	AOP:433	KE in AOP:433	AOP-Wiki
KE:1963	AOP:433	KE in AOP:433	AOP-Wiki
KE:2099	AOP:433	MIE in AOP:433	AOP-Wiki
KE:2100	AOP:433	KE in AOP:433	AOP-Wiki
KE:1962	AOP:433	KE in AOP:433	AOP-Wiki
KE:1964	AOP:433	AO in AOP:433	AOP-Wiki
KE:10057	AOP:434	AO in AOP:434	AOP-Wiki
KE:10056	AOP:434	KE in AOP:434	AOP-Wiki
KE:10053	AOP:434	KE in AOP:434	AOP-Wiki
KE:10055	AOP:434	KE in AOP:434	AOP-Wiki
KE:10052	AOP:434	KE in AOP:434	AOP-Wiki
KE:10049	AOP:434	MIE in AOP:434	AOP-Wiki
KE:10050	AOP:434	KE in AOP:434	AOP-Wiki
KE:10051	AOP:434	KE in AOP:434	AOP-Wiki
KE:10054	AOP:434	KE in AOP:434	AOP-Wiki
KE:752	AOP:435	KE in AOP:435	AOP-Wiki
KE:442	AOP:435	AO in AOP:435	AOP-Wiki
KE:1863	AOP:435	AO in AOP:435	AOP-Wiki
KE:1965	AOP:435	KE in AOP:435	AOP-Wiki
KE:1686	AOP:435	MIE in AOP:435	AOP-Wiki
KE:1194	AOP:435	KE in AOP:435	AOP-Wiki
KE:1881	AOP:436	KE in AOP:436	AOP-Wiki
KE:1557	AOP:436	KE in AOP:436	AOP-Wiki
KE:1682	AOP:436	KE in AOP:436	AOP-Wiki
KE:1880	AOP:436	MIE in AOP:436	AOP-Wiki
KE:1970	AOP:436	AO in AOP:436	AOP-Wiki
KE:177	AOP:437	KE in AOP:437	AOP-Wiki
KE:814	AOP:437	AO in AOP:437	AOP-Wiki
KE:105	AOP:437	MIE in AOP:437	AOP-Wiki
KE:709	AOP:437	KE in AOP:437	AOP-Wiki
KE:1392	AOP:437	KE in AOP:437	AOP-Wiki
KE:177	AOP:438	KE in AOP:438	AOP-Wiki
KE:1500	AOP:438	KE in AOP:438	AOP-Wiki
KE:1924	AOP:438	KE in AOP:438	AOP-Wiki
KE:1929	AOP:438	AO in AOP:438	AOP-Wiki
KE:1925	AOP:438	KE in AOP:438	AOP-Wiki
KE:1918	AOP:438	KE in AOP:438	AOP-Wiki
KE:1926	AOP:438	KE in AOP:438	AOP-Wiki
KE:1115	AOP:438	MIE in AOP:438	AOP-Wiki
KE:1928	AOP:438	KE in AOP:438	AOP-Wiki
KE:1927	AOP:438	KE in AOP:438	AOP-Wiki
KE:1919	AOP:438	KE in AOP:438	AOP-Wiki
KE:1392	AOP:438	KE in AOP:438	AOP-Wiki
KE:1196	AOP:439	KE in AOP:439	AOP-Wiki
KE:1190	AOP:439	KE in AOP:439	AOP-Wiki
KE:1241	AOP:439	KE in AOP:439	AOP-Wiki
KE:1262	AOP:439	KE in AOP:439	AOP-Wiki
KE:149	AOP:439	KE in AOP:439	AOP-Wiki
KE:1982	AOP:439	AO in AOP:439	AOP-Wiki
KE:1376	AOP:439	KE in AOP:439	AOP-Wiki
KE:18	AOP:439	MIE in AOP:439	AOP-Wiki
KE:1971	AOP:439	KE in AOP:439	AOP-Wiki
KE:2092	AOP:440	AO in AOP:440	AOP-Wiki
KE:1973	AOP:440	KE in AOP:440	AOP-Wiki
KE:1050	AOP:440	KE in AOP:440	AOP-Wiki
KE:1076	AOP:440	KE in AOP:440	AOP-Wiki
KE:1052	AOP:440	KE in AOP:440	AOP-Wiki
KE:1972	AOP:440	KE in AOP:440	AOP-Wiki
KE:1053	AOP:440	AO in AOP:440	AOP-Wiki
KE:1046	AOP:440	MIE in AOP:440	AOP-Wiki
KE:1047	AOP:440	KE in AOP:440	AOP-Wiki
KE:1974	AOP:441	KE in AOP:441	AOP-Wiki
KE:1978	AOP:441	AO in AOP:441	AOP-Wiki
KE:1979	AOP:441	KE in AOP:441	AOP-Wiki
KE:1262	AOP:441	KE in AOP:441	AOP-Wiki
KE:1686	AOP:441	MIE in AOP:441	AOP-Wiki
KE:1194	AOP:441	KE in AOP:441	AOP-Wiki
KE:2200	AOP:441	KE in AOP:441	AOP-Wiki
KE:1977	AOP:442	KE in AOP:442	AOP-Wiki
KE:2005	AOP:442	KE in AOP:442	AOP-Wiki
KE:757	AOP:442	KE in AOP:442	AOP-Wiki
KE:1353	AOP:442	MIE in AOP:442	AOP-Wiki
KE:1983	AOP:442	KE in AOP:442	AOP-Wiki
KE:402	AOP:442	AO in AOP:442	AOP-Wiki
KE:758	AOP:442	KE in AOP:442	AOP-Wiki
KE:1980	AOP:443	KE in AOP:443	AOP-Wiki
KE:155	AOP:443	KE in AOP:443	AOP-Wiki
KE:1457	AOP:443	KE in AOP:443	AOP-Wiki
KE:185	AOP:443	KE in AOP:443	AOP-Wiki
KE:1172	AOP:443	KE in AOP:443	AOP-Wiki
KE:1554	AOP:443	KE in AOP:443	AOP-Wiki
KE:1982	AOP:443	AO in AOP:443	AOP-Wiki
KE:1669	AOP:443	MIE in AOP:443	AOP-Wiki
KE:112	AOP:443	KE in AOP:443	AOP-Wiki
KE:1981	AOP:443	KE in AOP:443	AOP-Wiki
KE:360	AOP:444	AO in AOP:444	AOP-Wiki
KE:1632	AOP:444	MIE in AOP:444	AOP-Wiki
KE:1863	AOP:444	KE in AOP:444	AOP-Wiki
KE:1686	AOP:444	MIE in AOP:444	AOP-Wiki
KE:1194	AOP:444	MIE in AOP:444	AOP-Wiki
KE:1365	AOP:444	KE in AOP:444	AOP-Wiki
KE:1798	AOP:444	KE in AOP:444	AOP-Wiki
KE:328	AOP:444	KE in AOP:444	AOP-Wiki
KE:1392	AOP:444	KE in AOP:444	AOP-Wiki
KE:1990	AOP:445	KE in AOP:445	AOP-Wiki
KE:1986	AOP:445	KE in AOP:445	AOP-Wiki
KE:1065	AOP:445	MIE in AOP:445	AOP-Wiki
KE:1989	AOP:445	KE in AOP:445	AOP-Wiki
KE:1985	AOP:445	KE in AOP:445	AOP-Wiki
KE:1988	AOP:445	KE in AOP:445	AOP-Wiki
KE:1987	AOP:445	KE in AOP:445	AOP-Wiki
KE:1991	AOP:445	AO in AOP:445	AOP-Wiki
KE:151	AOP:446	MIE in AOP:446	AOP-Wiki
KE:165	AOP:446	KE in AOP:446	AOP-Wiki
KE:1458	AOP:446	KE in AOP:446	AOP-Wiki
KE:1496	AOP:446	KE in AOP:446	AOP-Wiki
KE:1239	AOP:446	MIE in AOP:446	AOP-Wiki
KE:1194	AOP:446	KE in AOP:446	AOP-Wiki
KE:1993	AOP:446	KE in AOP:446	AOP-Wiki
KE:1250	AOP:446	KE in AOP:446	AOP-Wiki
KE:1497	AOP:446	KE in AOP:446	AOP-Wiki
KE:18	AOP:446	KE in AOP:446	AOP-Wiki
KE:1738	AOP:446	KE in AOP:446	AOP-Wiki
KE:1945	AOP:446	KE in AOP:446	AOP-Wiki
KE:1445	AOP:446	KE in AOP:446	AOP-Wiki
KE:1262	AOP:446	KE in AOP:446	AOP-Wiki
KE:1115	AOP:446	MIE in AOP:446	AOP-Wiki
KE:149	AOP:446	KE in AOP:446	AOP-Wiki
KE:1198	AOP:446	KE in AOP:446	AOP-Wiki
KE:1994	AOP:446	KE in AOP:446	AOP-Wiki
KE:1992	AOP:446	AO in AOP:446	AOP-Wiki
KE:1392	AOP:446	KE in AOP:446	AOP-Wiki
KE:177	AOP:447	MIE in AOP:447	AOP-Wiki
KE:1365	AOP:447	KE in AOP:447	AOP-Wiki
KE:1815	AOP:447	KE in AOP:447	AOP-Wiki
KE:1097	AOP:447	KE in AOP:447	AOP-Wiki
KE:1633	AOP:447	KE in AOP:447	AOP-Wiki
KE:814	AOP:447	KE in AOP:447	AOP-Wiki
KE:759	AOP:447	AO in AOP:447	AOP-Wiki
KE:105	AOP:447	MIE in AOP:447	AOP-Wiki
KE:1917	AOP:447	MIE in AOP:447	AOP-Wiki
KE:202	AOP:447	MIE in AOP:447	AOP-Wiki
KE:1392	AOP:447	KE in AOP:447	AOP-Wiki
KE:1770	AOP:447	MIE in AOP:447	AOP-Wiki
KE:1443	AOP:448	KE in AOP:448	AOP-Wiki
KE:151	AOP:448	MIE in AOP:448	AOP-Wiki
KE:2001	AOP:448	KE in AOP:448	AOP-Wiki
KE:1929	AOP:448	AO in AOP:448	AOP-Wiki
KE:1925	AOP:448	KE in AOP:448	AOP-Wiki
KE:559	AOP:448	MIE in AOP:448	AOP-Wiki
KE:1500	AOP:448	KE in AOP:448	AOP-Wiki
KE:2003	AOP:448	KE in AOP:448	AOP-Wiki
KE:1918	AOP:448	KE in AOP:448	AOP-Wiki
KE:2004	AOP:448	KE in AOP:448	AOP-Wiki
KE:2000	AOP:448	KE in AOP:448	AOP-Wiki
KE:1115	AOP:448	MIE in AOP:448	AOP-Wiki
KE:1913	AOP:448	KE in AOP:448	AOP-Wiki
KE:1198	AOP:448	KE in AOP:448	AOP-Wiki
KE:1924	AOP:448	KE in AOP:448	AOP-Wiki
KE:2002	AOP:448	KE in AOP:448	AOP-Wiki
KE:1392	AOP:448	KE in AOP:448	AOP-Wiki
KE:2033	AOP:449	KE in AOP:449	AOP-Wiki
KE:1502	AOP:449	KE in AOP:449	AOP-Wiki
KE:2023	AOP:449	MIE in AOP:449	AOP-Wiki
KE:2025	AOP:449	KE in AOP:449	AOP-Wiki
KE:1561	AOP:449	AO in AOP:449	AOP-Wiki
KE:2024	AOP:449	KE in AOP:449	AOP-Wiki
KE:2026	AOP:449	KE in AOP:449	AOP-Wiki
KE:1392	AOP:450	KE in AOP:450	AOP-Wiki
KE:618	AOP:450	KE in AOP:450	AOP-Wiki
KE:1391	AOP:450	KE in AOP:450	AOP-Wiki
KE:352	AOP:450	KE in AOP:450	AOP-Wiki
KE:12	AOP:450	MIE in AOP:450	AOP-Wiki
KE:1583	AOP:450	AO in AOP:450	AOP-Wiki
KE:351	AOP:450	AO in AOP:450	AOP-Wiki
KE:2006	AOP:451	KE in AOP:451	AOP-Wiki
KE:870	AOP:451	KE in AOP:451	AOP-Wiki
KE:1670	AOP:451	AO in AOP:451	AOP-Wiki
KE:1496	AOP:451	KE in AOP:451	AOP-Wiki
KE:1115	AOP:451	KE in AOP:451	AOP-Wiki
KE:780	AOP:451	KE in AOP:451	AOP-Wiki
KE:1669	AOP:451	KE in AOP:451	AOP-Wiki
KE:1497	AOP:451	KE in AOP:451	AOP-Wiki
KE:1495	AOP:451	MIE in AOP:451	AOP-Wiki
KE:1945	AOP:452	KE in AOP:452	AOP-Wiki
KE:2009	AOP:452	KE in AOP:452	AOP-Wiki
KE:2007	AOP:452	MIE in AOP:452	AOP-Wiki
KE:2012	AOP:452	KE in AOP:452	AOP-Wiki
KE:2010	AOP:452	KE in AOP:452	AOP-Wiki
KE:2008	AOP:452	AO in AOP:452	AOP-Wiki
KE:1262	AOP:452	KE in AOP:452	AOP-Wiki
KE:1457	AOP:452	KE in AOP:452	AOP-Wiki
KE:2011	AOP:452	KE in AOP:452	AOP-Wiki
KE:2013	AOP:452	KE in AOP:452	AOP-Wiki
KE:1392	AOP:452	KE in AOP:452	AOP-Wiki
KE:2014	AOP:453	KE in AOP:453	AOP-Wiki
KE:1931	AOP:453	KE in AOP:453	AOP-Wiki
KE:1995	AOP:453	KE in AOP:453	AOP-Wiki
KE:455	AOP:453	KE in AOP:453	AOP-Wiki
KE:2015	AOP:453	KE in AOP:453	AOP-Wiki
KE:1115	AOP:453	MIE in AOP:453	AOP-Wiki
KE:1996	AOP:453	AO in AOP:453	AOP-Wiki
KE:1198	AOP:453	KE in AOP:453	AOP-Wiki
KE:2016	AOP:453	KE in AOP:453	AOP-Wiki
KE:1954	AOP:453	KE in AOP:453	AOP-Wiki
KE:840	AOP:453	KE in AOP:453	AOP-Wiki
KE:1392	AOP:453	KE in AOP:453	AOP-Wiki
KE:902	AOP:453	KE in AOP:453	AOP-Wiki
KE:2020	AOP:455	KE in AOP:455	AOP-Wiki
KE:947	AOP:455	AO in AOP:455	AOP-Wiki
KE:2021	AOP:455	KE in AOP:455	AOP-Wiki
KE:944	AOP:455	KE in AOP:455	AOP-Wiki
KE:1559	AOP:455	AO in AOP:455	AOP-Wiki
KE:18	AOP:455	MIE in AOP:455	AOP-Wiki
KE:2020	AOP:456	KE in AOP:456	AOP-Wiki
KE:947	AOP:456	AO in AOP:456	AOP-Wiki
KE:2021	AOP:456	KE in AOP:456	AOP-Wiki
KE:944	AOP:456	KE in AOP:456	AOP-Wiki
KE:317	AOP:456	KE in AOP:456	AOP-Wiki
KE:18	AOP:456	MIE in AOP:456	AOP-Wiki
KE:2119	AOP:457	AO in AOP:457	AOP-Wiki
KE:2120	AOP:457	KE in AOP:457	AOP-Wiki
KE:277	AOP:457	KE in AOP:457	AOP-Wiki
KE:281	AOP:457	KE in AOP:457	AOP-Wiki
KE:1392	AOP:457	KE in AOP:457	AOP-Wiki
KE:2118	AOP:457	MIE in AOP:457	AOP-Wiki
KE:756	AOP:458	KE in AOP:458	AOP-Wiki
KE:961	AOP:458	KE in AOP:458	AOP-Wiki
KE:295	AOP:458	KE in AOP:458	AOP-Wiki
KE:280	AOP:458	KE in AOP:458	AOP-Wiki
KE:18	AOP:458	MIE in AOP:458	AOP-Wiki
KE:402	AOP:458	AO in AOP:458	AOP-Wiki
KE:281	AOP:458	KE in AOP:458	AOP-Wiki
KE:758	AOP:458	KE in AOP:458	AOP-Wiki
KE:756	AOP:459	KE in AOP:459	AOP-Wiki
KE:850	AOP:459	KE in AOP:459	AOP-Wiki
KE:277	AOP:459	KE in AOP:459	AOP-Wiki
KE:280	AOP:459	KE in AOP:459	AOP-Wiki
KE:18	AOP:459	MIE in AOP:459	AOP-Wiki
KE:402	AOP:459	AO in AOP:459	AOP-Wiki
KE:281	AOP:459	KE in AOP:459	AOP-Wiki
KE:1392	AOP:459	KE in AOP:459	AOP-Wiki
KE:758	AOP:459	KE in AOP:459	AOP-Wiki
KE:2043	AOP:460	KE in AOP:460	AOP-Wiki
KE:2042	AOP:460	AO in AOP:460	AOP-Wiki
KE:2028	AOP:460	KE in AOP:460	AOP-Wiki
KE:2044	AOP:460	KE in AOP:460	AOP-Wiki
KE:2027	AOP:460	MIE in AOP:460	AOP-Wiki
KE:2040	AOP:460	KE in AOP:460	AOP-Wiki
KE:1262	AOP:460	KE in AOP:460	AOP-Wiki
KE:2041	AOP:460	KE in AOP:460	AOP-Wiki
KE:1821	AOP:460	KE in AOP:460	AOP-Wiki
KE:898	AOP:463	KE in AOP:463	AOP-Wiki
KE:177	AOP:463	KE in AOP:463	AOP-Wiki
KE:1945	AOP:463	KE in AOP:463	AOP-Wiki
KE:344	AOP:463	AO in AOP:463	AOP-Wiki
KE:1262	AOP:463	KE in AOP:463	AOP-Wiki
KE:1115	AOP:463	MIE in AOP:463	AOP-Wiki
KE:149	AOP:463	KE in AOP:463	AOP-Wiki
KE:2034	AOP:463	AO in AOP:463	AOP-Wiki
KE:1967	AOP:463	KE in AOP:463	AOP-Wiki
KE:2017	AOP:463	KE in AOP:463	AOP-Wiki
KE:1392	AOP:463	KE in AOP:463	AOP-Wiki
KE:177	AOP:464	KE in AOP:464	AOP-Wiki
KE:389	AOP:464	KE in AOP:464	AOP-Wiki
KE:1512	AOP:464	KE in AOP:464	AOP-Wiki
KE:2039	AOP:464	MIE in AOP:464	AOP-Wiki
KE:2036	AOP:464	MIE in AOP:464	AOP-Wiki
KE:1812	AOP:464	KE in AOP:464	AOP-Wiki
KE:2187	AOP:464	MIE in AOP:464	AOP-Wiki
KE:1392	AOP:464	KE in AOP:464	AOP-Wiki
KE:2037	AOP:464	MIE in AOP:464	AOP-Wiki
KE:2017	AOP:464	KE in AOP:464	AOP-Wiki
KE:1547	AOP:464	KE in AOP:464	AOP-Wiki
KE:1825	AOP:464	KE in AOP:464	AOP-Wiki
KE:896	AOP:464	AO in AOP:464	AOP-Wiki
KE:2188	AOP:464	KE in AOP:464	AOP-Wiki
KE:1585	AOP:464	KE in AOP:464	AOP-Wiki
KE:2038	AOP:464	KE in AOP:464	AOP-Wiki
KE:388	AOP:464	MIE in AOP:464	AOP-Wiki
KE:1527	AOP:464	KE in AOP:464	AOP-Wiki
KE:1605	AOP:464	KE in AOP:464	AOP-Wiki
KE:2049	AOP:465	KE in AOP:465	AOP-Wiki
KE:350	AOP:465	AO in AOP:465	AOP-Wiki
KE:748	AOP:465	KE in AOP:465	AOP-Wiki
KE:2045	AOP:465	MIE in AOP:465	AOP-Wiki
KE:2050	AOP:465	KE in AOP:465	AOP-Wiki
KE:2046	AOP:465	KE in AOP:465	AOP-Wiki
KE:2048	AOP:465	KE in AOP:465	AOP-Wiki
KE:2047	AOP:465	KE in AOP:465	AOP-Wiki
KE:2057	AOP:466	AO in AOP:466	AOP-Wiki
KE:2055	AOP:466	AO in AOP:466	AOP-Wiki
KE:2053	AOP:466	KE in AOP:466	AOP-Wiki
KE:2052	AOP:466	KE in AOP:466	AOP-Wiki
KE:2056	AOP:466	AO in AOP:466	AOP-Wiki
KE:990	AOP:466	AO in AOP:466	AOP-Wiki
KE:350	AOP:466	AO in AOP:466	AOP-Wiki
KE:2054	AOP:466	AO in AOP:466	AOP-Wiki
KE:2051	AOP:466	MIE in AOP:466	AOP-Wiki
KE:2060	AOP:467	KE in AOP:467	AOP-Wiki
KE:350	AOP:467	AO in AOP:467	AOP-Wiki
KE:2062	AOP:467	KE in AOP:467	AOP-Wiki
KE:2058	AOP:467	MIE in AOP:467	AOP-Wiki
KE:990	AOP:467	KE in AOP:467	AOP-Wiki
KE:2050	AOP:467	KE in AOP:467	AOP-Wiki
KE:2059	AOP:467	KE in AOP:467	AOP-Wiki
KE:2063	AOP:467	KE in AOP:467	AOP-Wiki
KE:2061	AOP:467	KE in AOP:467	AOP-Wiki
KE:1868	AOP:468	AO in AOP:468	AOP-Wiki
KE:1825	AOP:468	KE in AOP:468	AOP-Wiki
KE:1847	AOP:468	KE in AOP:468	AOP-Wiki
KE:1739	AOP:468	MIE in AOP:468	AOP-Wiki
KE:1496	AOP:468	KE in AOP:468	AOP-Wiki
KE:1901	AOP:468	KE in AOP:468	AOP-Wiki
KE:1497	AOP:468	KE in AOP:468	AOP-Wiki
KE:1738	AOP:468	KE in AOP:468	AOP-Wiki
KE:2014	AOP:469	KE in AOP:469	AOP-Wiki
KE:1931	AOP:469	KE in AOP:469	AOP-Wiki
KE:1995	AOP:469	KE in AOP:469	AOP-Wiki
KE:455	AOP:469	KE in AOP:469	AOP-Wiki
KE:2015	AOP:469	KE in AOP:469	AOP-Wiki
KE:1115	AOP:469	MIE in AOP:469	AOP-Wiki
KE:1996	AOP:469	AO in AOP:469	AOP-Wiki
KE:1198	AOP:469	KE in AOP:469	AOP-Wiki
KE:2016	AOP:469	KE in AOP:469	AOP-Wiki
KE:1954	AOP:469	KE in AOP:469	AOP-Wiki
KE:840	AOP:469	KE in AOP:469	AOP-Wiki
KE:1392	AOP:469	KE in AOP:469	AOP-Wiki
KE:902	AOP:469	KE in AOP:469	AOP-Wiki
KE:1635	AOP:470	KE in AOP:470	AOP-Wiki
KE:1686	AOP:470	MIE in AOP:470	AOP-Wiki
KE:1493	AOP:470	KE in AOP:470	AOP-Wiki
KE:2068	AOP:470	KE in AOP:470	AOP-Wiki
KE:2069	AOP:470	AO in AOP:470	AOP-Wiki
KE:2244	AOP:470	KE in AOP:470	AOP-Wiki
KE:1392	AOP:470	KE in AOP:470	AOP-Wiki
KE:2067	AOP:470	KE in AOP:470	AOP-Wiki
KE:1825	AOP:472	KE in AOP:472	AOP-Wiki
KE:1097	AOP:472	KE in AOP:472	AOP-Wiki
KE:1115	AOP:472	MIE in AOP:472	AOP-Wiki
KE:149	AOP:472	KE in AOP:472	AOP-Wiki
KE:10058	AOP:472	MIE in AOP:472	AOP-Wiki
KE:1816	AOP:472	MIE in AOP:472	AOP-Wiki
KE:1194	AOP:472	MIE in AOP:472	AOP-Wiki
KE:759	AOP:472	AO in AOP:472	AOP-Wiki
KE:1392	AOP:472	MIE in AOP:472	AOP-Wiki
KE:2243	AOP:474	KE in AOP:474	AOP-Wiki
KE:1457	AOP:474	KE in AOP:474	AOP-Wiki
KE:885	AOP:474	AO in AOP:474	AOP-Wiki
KE:1619	AOP:474	KE in AOP:474	AOP-Wiki
KE:2118	AOP:474	MIE in AOP:474	AOP-Wiki
KE:875	AOP:475	MIE in AOP:475	AOP-Wiki
KE:389	AOP:475	KE in AOP:475	AOP-Wiki
KE:2242	AOP:475	KE in AOP:475	AOP-Wiki
KE:1944	AOP:475	KE in AOP:475	AOP-Wiki
KE:341	AOP:475	AO in AOP:475	AOP-Wiki
KE:2078	AOP:475	KE in AOP:475	AOP-Wiki
KE:386	AOP:475	KE in AOP:475	AOP-Wiki
KE:388	AOP:475	KE in AOP:475	AOP-Wiki
KE:1614	AOP:477	KE in AOP:477	AOP-Wiki
KE:26	AOP:477	MIE in AOP:477	AOP-Wiki
KE:2082	AOP:477	AO in AOP:477	AOP-Wiki
KE:1635	AOP:478	KE in AOP:478	AOP-Wiki
KE:2081	AOP:478	KE in AOP:478	AOP-Wiki
KE:870	AOP:478	KE in AOP:478	AOP-Wiki
KE:2083	AOP:478	AO in AOP:478	AOP-Wiki
KE:1634	AOP:478	KE in AOP:478	AOP-Wiki
KE:155	AOP:478	KE in AOP:478	AOP-Wiki
KE:1686	AOP:478	MIE in AOP:478	AOP-Wiki
KE:185	AOP:478	KE in AOP:478	AOP-Wiki
KE:1636	AOP:478	KE in AOP:478	AOP-Wiki
KE:1392	AOP:478	KE in AOP:478	AOP-Wiki
KE:177	AOP:479	KE in AOP:479	AOP-Wiki
KE:55	AOP:479	KE in AOP:479	AOP-Wiki
KE:1532	AOP:479	KE in AOP:479	AOP-Wiki
KE:2215	AOP:479	AO in AOP:479	AOP-Wiki
KE:105	AOP:479	MIE in AOP:479	AOP-Wiki
KE:2084	AOP:479	KE in AOP:479	AOP-Wiki
KE:1392	AOP:479	KE in AOP:479	AOP-Wiki
KE:177	AOP:480	KE in AOP:480	AOP-Wiki
KE:1532	AOP:480	KE in AOP:480	AOP-Wiki
KE:2215	AOP:480	AO in AOP:480	AOP-Wiki
KE:105	AOP:480	MIE in AOP:480	AOP-Wiki
KE:40	AOP:480	KE in AOP:480	AOP-Wiki
KE:2089	AOP:482	KE in AOP:482	AOP-Wiki
KE:1825	AOP:482	KE in AOP:482	AOP-Wiki
KE:1686	AOP:482	MIE in AOP:482	AOP-Wiki
KE:2090	AOP:482	KE in AOP:482	AOP-Wiki
KE:2245	AOP:482	KE in AOP:482	AOP-Wiki
KE:2091	AOP:482	AO in AOP:482	AOP-Wiki
KE:1392	AOP:482	KE in AOP:482	AOP-Wiki
KE:1635	AOP:483	KE in AOP:483	AOP-Wiki
KE:2097	AOP:483	KE in AOP:483	AOP-Wiki
KE:341	AOP:483	AO in AOP:483	AOP-Wiki
KE:1686	AOP:483	MIE in AOP:483	AOP-Wiki
KE:2098	AOP:483	KE in AOP:483	AOP-Wiki
KE:1492	AOP:483	KE in AOP:483	AOP-Wiki
KE:2244	AOP:483	KE in AOP:483	AOP-Wiki
KE:1392	AOP:483	KE in AOP:483	AOP-Wiki
KE:2106	AOP:485	KE in AOP:485	AOP-Wiki
KE:1656	AOP:485	MIE in AOP:485	AOP-Wiki
KE:2108	AOP:485	KE in AOP:485	AOP-Wiki
KE:2104	AOP:485	KE in AOP:485	AOP-Wiki
KE:2105	AOP:485	KE in AOP:485	AOP-Wiki
KE:2107	AOP:485	KE in AOP:485	AOP-Wiki
KE:402	AOP:485	AO in AOP:485	AOP-Wiki
KE:2110	AOP:486	KE in AOP:486	AOP-Wiki
KE:2114	AOP:486	KE in AOP:486	AOP-Wiki
KE:2112	AOP:486	KE in AOP:486	AOP-Wiki
KE:2109	AOP:486	MIE in AOP:486	AOP-Wiki
KE:2113	AOP:486	KE in AOP:486	AOP-Wiki
KE:2111	AOP:486	KE in AOP:486	AOP-Wiki
KE:402	AOP:486	AO in AOP:486	AOP-Wiki
KE:1869	AOP:488	KE in AOP:488	AOP-Wiki
KE:2108	AOP:488	KE in AOP:488	AOP-Wiki
KE:1115	AOP:488	MIE in AOP:488	AOP-Wiki
KE:2116	AOP:488	KE in AOP:488	AOP-Wiki
KE:2107	AOP:488	KE in AOP:488	AOP-Wiki
KE:402	AOP:488	AO in AOP:488	AOP-Wiki
KE:1392	AOP:488	KE in AOP:488	AOP-Wiki
KE:1350	AOP:490	KE in AOP:490	AOP-Wiki
KE:2037	AOP:490	MIE in AOP:490	AOP-Wiki
KE:2123	AOP:490	KE in AOP:490	AOP-Wiki
KE:2186	AOP:490	MIE in AOP:490	AOP-Wiki
KE:55	AOP:490	KE in AOP:490	AOP-Wiki
KE:2121	AOP:490	AO in AOP:490	AOP-Wiki
KE:1998	AOP:490	KE in AOP:490	AOP-Wiki
KE:341	AOP:490	AO in AOP:490	AOP-Wiki
KE:2124	AOP:490	KE in AOP:490	AOP-Wiki
KE:188	AOP:490	KE in AOP:490	AOP-Wiki
KE:758	AOP:490	KE in AOP:490	AOP-Wiki
KE:2043	AOP:491	KE in AOP:491	AOP-Wiki
KE:2042	AOP:491	AO in AOP:491	AOP-Wiki
KE:1262	AOP:491	KE in AOP:491	AOP-Wiki
KE:2040	AOP:491	MIE in AOP:491	AOP-Wiki
KE:2041	AOP:491	KE in AOP:491	AOP-Wiki
KE:1821	AOP:491	KE in AOP:491	AOP-Wiki
KE:1445	AOP:492	KE in AOP:492	AOP-Wiki
KE:406	AOP:492	AO in AOP:492	AOP-Wiki
KE:1115	AOP:492	KE in AOP:492	AOP-Wiki
KE:2131	AOP:492	MIE in AOP:492	AOP-Wiki
KE:130	AOP:492	KE in AOP:492	AOP-Wiki
KE:2119	AOP:493	KE in AOP:493	AOP-Wiki
KE:2125	AOP:493	KE in AOP:493	AOP-Wiki
KE:2132	AOP:493	KE in AOP:493	AOP-Wiki
KE:1633	AOP:493	KE in AOP:493	AOP-Wiki
KE:2126	AOP:493	MIE in AOP:493	AOP-Wiki
KE:2127	AOP:493	KE in AOP:493	AOP-Wiki
KE:2130	AOP:493	KE in AOP:493	AOP-Wiki
KE:2129	AOP:493	AO in AOP:493	AOP-Wiki
KE:2128	AOP:493	KE in AOP:493	AOP-Wiki
KE:1497	AOP:493	KE in AOP:493	AOP-Wiki
KE:55	AOP:494	KE in AOP:494	AOP-Wiki
KE:344	AOP:494	AO in AOP:494	AOP-Wiki
KE:459	AOP:494	KE in AOP:494	AOP-Wiki
KE:265	AOP:494	KE in AOP:494	AOP-Wiki
KE:1501	AOP:494	KE in AOP:494	AOP-Wiki
KE:18	AOP:494	MIE in AOP:494	AOP-Wiki
KE:1196	AOP:495	KE in AOP:495	AOP-Wiki
KE:854	AOP:495	KE in AOP:495	AOP-Wiki
KE:1183	AOP:495	KE in AOP:495	AOP-Wiki
KE:2136	AOP:495	KE in AOP:495	AOP-Wiki
KE:286	AOP:495	KE in AOP:495	AOP-Wiki
KE:2135	AOP:495	AO in AOP:495	AOP-Wiki
KE:25	AOP:495	MIE in AOP:495	AOP-Wiki
KE:2134	AOP:495	KE in AOP:495	AOP-Wiki
KE:1599	AOP:495	KE in AOP:495	AOP-Wiki
KE:442	AOP:496	AO in AOP:496	AOP-Wiki
KE:2137	AOP:496	KE in AOP:496	AOP-Wiki
KE:2139	AOP:496	KE in AOP:496	AOP-Wiki
KE:219	AOP:496	KE in AOP:496	AOP-Wiki
KE:221	AOP:496	KE in AOP:496	AOP-Wiki
KE:286	AOP:496	KE in AOP:496	AOP-Wiki
KE:78	AOP:496	KE in AOP:496	AOP-Wiki
KE:309	AOP:496	KE in AOP:496	AOP-Wiki
KE:1690	AOP:496	KE in AOP:496	AOP-Wiki
KE:25	AOP:496	MIE in AOP:496	AOP-Wiki
KE:177	AOP:497	KE in AOP:497	AOP-Wiki
KE:2119	AOP:497	AO in AOP:497	AOP-Wiki
KE:179	AOP:497	KE in AOP:497	AOP-Wiki
KE:2145	AOP:497	AO in AOP:497	AOP-Wiki
KE:2144	AOP:497	KE in AOP:497	AOP-Wiki
KE:1115	AOP:497	KE in AOP:497	AOP-Wiki
KE:2126	AOP:497	MIE in AOP:497	AOP-Wiki
KE:1392	AOP:497	KE in AOP:497	AOP-Wiki
KE:2148	AOP:498	MIE in AOP:498	AOP-Wiki
KE:2150	AOP:498	AO in AOP:498	AOP-Wiki
KE:2149	AOP:498	KE in AOP:498	AOP-Wiki
KE:191	AOP:498	KE in AOP:498	AOP-Wiki
KE:2151	AOP:499	KE in AOP:499	AOP-Wiki
KE:2146	AOP:499	MIE in AOP:499	AOP-Wiki
KE:1339	AOP:499	KE in AOP:499	AOP-Wiki
KE:341	AOP:499	AO in AOP:499	AOP-Wiki
KE:177	AOP:500	KE in AOP:500	AOP-Wiki
KE:1339	AOP:500	KE in AOP:500	AOP-Wiki
KE:341	AOP:500	AO in AOP:500	AOP-Wiki
KE:1262	AOP:500	KE in AOP:500	AOP-Wiki
KE:352	AOP:500	KE in AOP:500	AOP-Wiki
KE:1115	AOP:500	KE in AOP:500	AOP-Wiki
KE:2146	AOP:500	MIE in AOP:500	AOP-Wiki
KE:386	AOP:501	KE in AOP:501	AOP-Wiki
KE:2150	AOP:501	AO in AOP:501	AOP-Wiki
KE:2149	AOP:501	MIE in AOP:501	AOP-Wiki
KE:1392	AOP:501	KE in AOP:501	AOP-Wiki
KE:1065	AOP:503	MIE in AOP:503	AOP-Wiki
KE:2154	AOP:503	AO in AOP:503	AOP-Wiki
KE:772	AOP:503	KE in AOP:503	AOP-Wiki
KE:2153	AOP:503	KE in AOP:503	AOP-Wiki
KE:1896	AOP:503	KE in AOP:503	AOP-Wiki
KE:2152	AOP:503	KE in AOP:503	AOP-Wiki
KE:2251	AOP:504	KE in AOP:504	AOP-Wiki
KE:1065	AOP:504	AO in AOP:504	AOP-Wiki
KE:2155	AOP:504	MIE in AOP:504	AOP-Wiki
KE:1513	AOP:505	KE in AOP:505	AOP-Wiki
KE:1115	AOP:505	MIE in AOP:505	AOP-Wiki
KE:149	AOP:505	KE in AOP:505	AOP-Wiki
KE:885	AOP:505	AO in AOP:505	AOP-Wiki
KE:1392	AOP:505	KE in AOP:505	AOP-Wiki
KE:2192	AOP:506	KE in AOP:506	AOP-Wiki
KE:2180	AOP:506	KE in AOP:506	AOP-Wiki
KE:2194	AOP:506	AO in AOP:506	AOP-Wiki
KE:2158	AOP:506	MIE in AOP:506	AOP-Wiki
KE:2159	AOP:506	KE in AOP:506	AOP-Wiki
KE:2193	AOP:506	KE in AOP:506	AOP-Wiki
KE:1392	AOP:507	KE in AOP:507	AOP-Wiki
KE:2181	AOP:507	KE in AOP:507	AOP-Wiki
KE:2009	AOP:507	KE in AOP:507	AOP-Wiki
KE:1417	AOP:507	MIE in AOP:507	AOP-Wiki
KE:1928	AOP:507	KE in AOP:507	AOP-Wiki
KE:2161	AOP:507	AO in AOP:507	AOP-Wiki
KE:2163	AOP:508	KE in AOP:508	AOP-Wiki
KE:2181	AOP:508	KE in AOP:508	AOP-Wiki
KE:2162	AOP:508	KE in AOP:508	AOP-Wiki
KE:1417	AOP:508	MIE in AOP:508	AOP-Wiki
KE:2164	AOP:508	KE in AOP:508	AOP-Wiki
KE:1928	AOP:508	KE in AOP:508	AOP-Wiki
KE:2161	AOP:508	AO in AOP:508	AOP-Wiki
KE:177	AOP:509	KE in AOP:509	AOP-Wiki
KE:1392	AOP:509	KE in AOP:509	AOP-Wiki
KE:2181	AOP:509	KE in AOP:509	AOP-Wiki
KE:1417	AOP:509	MIE in AOP:509	AOP-Wiki
KE:1928	AOP:509	KE in AOP:509	AOP-Wiki
KE:1365	AOP:509	KE in AOP:509	AOP-Wiki
KE:2161	AOP:509	AO in AOP:509	AOP-Wiki
KE:2181	AOP:510	KE in AOP:510	AOP-Wiki
KE:2168	AOP:510	KE in AOP:510	AOP-Wiki
KE:2167	AOP:510	KE in AOP:510	AOP-Wiki
KE:1928	AOP:510	KE in AOP:510	AOP-Wiki
KE:2169	AOP:510	KE in AOP:510	AOP-Wiki
KE:228	AOP:510	MIE in AOP:510	AOP-Wiki
KE:2166	AOP:510	KE in AOP:510	AOP-Wiki
KE:2161	AOP:510	AO in AOP:510	AOP-Wiki
KE:2165	AOP:510	KE in AOP:510	AOP-Wiki
KE:1392	AOP:510	KE in AOP:510	AOP-Wiki
KE:177	AOP:511	KE in AOP:511	AOP-Wiki
KE:2009	AOP:511	KE in AOP:511	AOP-Wiki
KE:2181	AOP:511	KE in AOP:511	AOP-Wiki
KE:2172	AOP:511	KE in AOP:511	AOP-Wiki
KE:2173	AOP:511	KE in AOP:511	AOP-Wiki
KE:2164	AOP:511	KE in AOP:511	AOP-Wiki
KE:1928	AOP:511	KE in AOP:511	AOP-Wiki
KE:2161	AOP:511	AO in AOP:511	AOP-Wiki
KE:2170	AOP:511	KE in AOP:511	AOP-Wiki
KE:2179	AOP:511	KE in AOP:511	AOP-Wiki
KE:1392	AOP:511	KE in AOP:511	AOP-Wiki
KE:2174	AOP:511	KE in AOP:511	AOP-Wiki
KE:2178	AOP:511	KE in AOP:511	AOP-Wiki
KE:1115	AOP:511	MIE in AOP:511	AOP-Wiki
KE:2171	AOP:511	KE in AOP:511	AOP-Wiki
KE:932	AOP:511	KE in AOP:511	AOP-Wiki
KE:233	AOP:513	KE in AOP:513	AOP-Wiki
KE:1060	AOP:513	KE in AOP:513	AOP-Wiki
KE:1513	AOP:513	KE in AOP:513	AOP-Wiki
KE:1115	AOP:513	MIE in AOP:513	AOP-Wiki
KE:885	AOP:513	AO in AOP:513	AOP-Wiki
KE:115	AOP:517	KE in AOP:517	AOP-Wiki
KE:459	AOP:517	AO in AOP:517	AOP-Wiki
KE:54	AOP:517	KE in AOP:517	AOP-Wiki
KE:291	AOP:517	KE in AOP:517	AOP-Wiki
KE:239	AOP:517	MIE in AOP:517	AOP-Wiki
KE:89	AOP:518	KE in AOP:518	AOP-Wiki
KE:2199	AOP:518	KE in AOP:518	AOP-Wiki
KE:459	AOP:518	AO in AOP:518	AOP-Wiki
KE:291	AOP:518	KE in AOP:518	AOP-Wiki
KE:167	AOP:518	MIE in AOP:518	AOP-Wiki
KE:2282	AOP:519	MIE in AOP:519	AOP-Wiki
KE:1961	AOP:519	KE in AOP:519	AOP-Wiki
KE:2283	AOP:519	KE in AOP:519	AOP-Wiki
KE:1929	AOP:519	AO in AOP:519	AOP-Wiki
KE:2202	AOP:520	KE in AOP:520	AOP-Wiki
KE:2201	AOP:520	MIE in AOP:520	AOP-Wiki
KE:2204	AOP:520	KE in AOP:520	AOP-Wiki
KE:341	AOP:520	AO in AOP:520	AOP-Wiki
KE:2203	AOP:520	KE in AOP:520	AOP-Wiki
KE:2147	AOP:521	AO in AOP:521	AOP-Wiki
KE:1445	AOP:521	KE in AOP:521	AOP-Wiki
KE:1115	AOP:521	KE in AOP:521	AOP-Wiki
KE:2205	AOP:521	MIE in AOP:521	AOP-Wiki
KE:1758	AOP:521	KE in AOP:521	AOP-Wiki
KE:2206	AOP:521	KE in AOP:521	AOP-Wiki
KE:1392	AOP:521	KE in AOP:521	AOP-Wiki
KE:2202	AOP:523	KE in AOP:523	AOP-Wiki
KE:1978	AOP:523	AO in AOP:523	AOP-Wiki
KE:2201	AOP:523	MIE in AOP:523	AOP-Wiki
KE:2210	AOP:523	KE in AOP:523	AOP-Wiki
KE:2203	AOP:523	KE in AOP:523	AOP-Wiki
KE:2252	AOP:524	MIE in AOP:524	AOP-Wiki
KE:2257	AOP:524	AO in AOP:524	AOP-Wiki
KE:1931	AOP:524	KE in AOP:524	AOP-Wiki
KE:2254	AOP:524	MIE in AOP:524	AOP-Wiki
KE:2275	AOP:524	KE in AOP:524	AOP-Wiki
KE:2253	AOP:524	MIE in AOP:524	AOP-Wiki
KE:2256	AOP:524	KE in AOP:524	AOP-Wiki
KE:2260	AOP:524	KE in AOP:524	AOP-Wiki
KE:2255	AOP:524	KE in AOP:524	AOP-Wiki
KE:2221	AOP:525	KE in AOP:525	AOP-Wiki
KE:2222	AOP:525	KE in AOP:525	AOP-Wiki
KE:2219	AOP:525	MIE in AOP:525	AOP-Wiki
KE:341	AOP:525	AO in AOP:525	AOP-Wiki
KE:1656	AOP:525	KE in AOP:525	AOP-Wiki
KE:2108	AOP:525	KE in AOP:525	AOP-Wiki
KE:2115	AOP:525	KE in AOP:525	AOP-Wiki
KE:2217	AOP:525	MIE in AOP:525	AOP-Wiki
KE:2223	AOP:525	KE in AOP:525	AOP-Wiki
KE:2218	AOP:525	MIE in AOP:525	AOP-Wiki
KE:2220	AOP:525	KE in AOP:525	AOP-Wiki
KE:2107	AOP:525	KE in AOP:525	AOP-Wiki
KE:2216	AOP:525	MIE in AOP:525	AOP-Wiki
KE:2225	AOP:529	KE in AOP:529	AOP-Wiki
KE:2227	AOP:529	KE in AOP:529	AOP-Wiki
KE:179	AOP:529	KE in AOP:529	AOP-Wiki
KE:459	AOP:529	AO in AOP:529	AOP-Wiki
KE:2226	AOP:529	MIE in AOP:529	AOP-Wiki
KE:2224	AOP:529	KE in AOP:529	AOP-Wiki
KE:291	AOP:529	KE in AOP:529	AOP-Wiki
KE:327	AOP:529	KE in AOP:529	AOP-Wiki
KE:898	AOP:530	KE in AOP:530	AOP-Wiki
KE:177	AOP:530	KE in AOP:530	AOP-Wiki
KE:1931	AOP:530	AO in AOP:530	AOP-Wiki
KE:55	AOP:530	KE in AOP:530	AOP-Wiki
KE:1539	AOP:530	MIE in AOP:530	AOP-Wiki
KE:2174	AOP:531	MIE in AOP:531	AOP-Wiki
KE:11001	AOP:531	KE in AOP:531	AOP-Wiki
KE:11004	AOP:531	KE in AOP:531	AOP-Wiki
KE:11006	AOP:531	AO in AOP:531	AOP-Wiki
KE:11000	AOP:531	KE in AOP:531	AOP-Wiki
KE:11002	AOP:531	KE in AOP:531	AOP-Wiki
KE:11005	AOP:531	KE in AOP:531	AOP-Wiki
KE:11003	AOP:531	KE in AOP:531	AOP-Wiki
KE:2201	AOP:532	MIE in AOP:532	AOP-Wiki
KE:2231	AOP:532	AO in AOP:532	AOP-Wiki
KE:2229	AOP:532	KE in AOP:532	AOP-Wiki
KE:2230	AOP:532	KE in AOP:532	AOP-Wiki
KE:2228	AOP:532	KE in AOP:532	AOP-Wiki
KE:2232	AOP:533	MIE in AOP:533	AOP-Wiki
KE:851	AOP:533	KE in AOP:533	AOP-Wiki
KE:385	AOP:533	KE in AOP:533	AOP-Wiki
KE:341	AOP:533	AO in AOP:533	AOP-Wiki
KE:386	AOP:533	KE in AOP:533	AOP-Wiki
KE:1239	AOP:533	KE in AOP:533	AOP-Wiki
KE:1115	AOP:534	KE in AOP:534	AOP-Wiki
KE:1446	AOP:534	KE in AOP:534	AOP-Wiki
KE:885	AOP:534	AO in AOP:534	AOP-Wiki
KE:1553	AOP:534	KE in AOP:534	AOP-Wiki
KE:1392	AOP:534	KE in AOP:534	AOP-Wiki
KE:2118	AOP:534	MIE in AOP:534	AOP-Wiki
KE:2151	AOP:535	KE in AOP:535	AOP-Wiki
KE:389	AOP:535	KE in AOP:535	AOP-Wiki
KE:2029	AOP:535	MIE in AOP:535	AOP-Wiki
KE:341	AOP:535	AO in AOP:535	AOP-Wiki
KE:1262	AOP:535	KE in AOP:535	AOP-Wiki
KE:2208	AOP:535	KE in AOP:535	AOP-Wiki
KE:2233	AOP:535	KE in AOP:535	AOP-Wiki
KE:188	AOP:535	KE in AOP:535	AOP-Wiki
KE:1392	AOP:535	KE in AOP:535	AOP-Wiki
KE:360	AOP:536	AO in AOP:536	AOP-Wiki
KE:252	AOP:536	KE in AOP:536	AOP-Wiki
KE:220	AOP:536	KE in AOP:536	AOP-Wiki
KE:111	AOP:536	MIE in AOP:536	AOP-Wiki
KE:351	AOP:536	AO in AOP:536	AOP-Wiki
KE:307	AOP:536	KE in AOP:536	AOP-Wiki
KE:364	AOP:537	KE in AOP:537	AOP-Wiki
KE:220	AOP:537	KE in AOP:537	AOP-Wiki
KE:111	AOP:537	MIE in AOP:537	AOP-Wiki
KE:78	AOP:537	AO in AOP:537	AOP-Wiki
KE:307	AOP:537	KE in AOP:537	AOP-Wiki
KE:1562	AOP:539	MIE in AOP:539	AOP-Wiki
KE:2239	AOP:539	KE in AOP:539	AOP-Wiki
KE:2261	AOP:539	KE in AOP:539	AOP-Wiki
KE:2236	AOP:539	KE in AOP:539	AOP-Wiki
KE:1535	AOP:539	AO in AOP:539	AOP-Wiki
KE:2238	AOP:539	KE in AOP:539	AOP-Wiki
KE:2237	AOP:539	KE in AOP:539	AOP-Wiki
KE:360	AOP:540	AO in AOP:540	AOP-Wiki
KE:285	AOP:540	KE in AOP:540	AOP-Wiki
KE:1262	AOP:540	KE in AOP:540	AOP-Wiki
KE:1115	AOP:540	MIE in AOP:540	AOP-Wiki
KE:221	AOP:540	KE in AOP:540	AOP-Wiki
KE:78	AOP:540	KE in AOP:540	AOP-Wiki
KE:309	AOP:540	KE in AOP:540	AOP-Wiki
KE:3	AOP:540	KE in AOP:540	AOP-Wiki
KE:1392	AOP:540	KE in AOP:540	AOP-Wiki
KE:1945	AOP:541	KE in AOP:541	AOP-Wiki
KE:2009	AOP:541	KE in AOP:541	AOP-Wiki
KE:2183	AOP:541	AO in AOP:541	AOP-Wiki
KE:2185	AOP:541	KE in AOP:541	AOP-Wiki
KE:2182	AOP:541	KE in AOP:541	AOP-Wiki
KE:2000	AOP:541	KE in AOP:541	AOP-Wiki
KE:1493	AOP:541	KE in AOP:541	AOP-Wiki
KE:1115	AOP:541	MIE in AOP:541	AOP-Wiki
KE:1913	AOP:541	KE in AOP:541	AOP-Wiki
KE:1816	AOP:541	KE in AOP:541	AOP-Wiki
KE:1198	AOP:541	KE in AOP:541	AOP-Wiki
KE:2017	AOP:541	KE in AOP:541	AOP-Wiki
KE:1392	AOP:541	KE in AOP:541	AOP-Wiki
KE:2262	AOP:543	MIE in AOP:543	AOP-Wiki
KE:2266	AOP:543	KE in AOP:543	AOP-Wiki
KE:2265	AOP:543	KE in AOP:543	AOP-Wiki
KE:2264	AOP:543	KE in AOP:543	AOP-Wiki
KE:2263	AOP:543	KE in AOP:543	AOP-Wiki
KE:2267	AOP:543	AO in AOP:543	AOP-Wiki
KE:2262	AOP:544	MIE in AOP:544	AOP-Wiki
KE:2266	AOP:544	KE in AOP:544	AOP-Wiki
KE:2265	AOP:544	KE in AOP:544	AOP-Wiki
KE:149	AOP:544	KE in AOP:544	AOP-Wiki
KE:2263	AOP:544	KE in AOP:544	AOP-Wiki
KE:2267	AOP:544	AO in AOP:544	AOP-Wiki
KE:2270	AOP:545	KE in AOP:545	AOP-Wiki
KE:2269	AOP:545	KE in AOP:545	AOP-Wiki
KE:2271	AOP:545	AO in AOP:545	AOP-Wiki
KE:2268	AOP:545	KE in AOP:545	AOP-Wiki
KE:239	AOP:545	MIE in AOP:545	AOP-Wiki
KE:2243	AOP:546	KE in AOP:546	AOP-Wiki
KE:798	AOP:546	KE in AOP:546	AOP-Wiki
KE:885	AOP:546	AO in AOP:546	AOP-Wiki
KE:590	AOP:546	KE in AOP:546	AOP-Wiki
KE:2118	AOP:546	MIE in AOP:546	AOP-Wiki
KE:2276	AOP:548	KE in AOP:548	AOP-Wiki
KE:2269	AOP:548	KE in AOP:548	AOP-Wiki
KE:2271	AOP:548	AO in AOP:548	AOP-Wiki
KE:2268	AOP:548	KE in AOP:548	AOP-Wiki
KE:239	AOP:548	MIE in AOP:548	AOP-Wiki
KE:442	AOP:549	AO in AOP:549	AOP-Wiki
KE:36	AOP:549	MIE in AOP:549	AOP-Wiki
KE:219	AOP:549	KE in AOP:549	AOP-Wiki
KE:221	AOP:549	KE in AOP:549	AOP-Wiki
KE:78	AOP:549	AO in AOP:549	AOP-Wiki
KE:309	AOP:549	KE in AOP:549	AOP-Wiki
KE:2277	AOP:549	KE in AOP:549	AOP-Wiki
KE:1467	AOP:549	AO in AOP:549	AOP-Wiki
KE:2278	AOP:550	MIE in AOP:550	AOP-Wiki
KE:2066	AOP:550	KE in AOP:550	AOP-Wiki
KE:2279	AOP:550	KE in AOP:550	AOP-Wiki
KE:1535	AOP:550	AO in AOP:550	AOP-Wiki
KE:1924	AOP:550	KE in AOP:550	AOP-Wiki
KE:2280	AOP:551	KE in AOP:551	AOP-Wiki
KE:1602	AOP:551	MIE in AOP:551	AOP-Wiki
KE:1106	AOP:551	AO in AOP:551	AOP-Wiki
KE:1983	AOP:551	KE in AOP:551	AOP-Wiki
KE:1098	AOP:551	KE in AOP:551	AOP-Wiki
KE:1529	AOP:552	MIE in AOP:552	AOP-Wiki
KE:1963	AOP:552	KE in AOP:552	AOP-Wiki
KE:698	AOP:552	KE in AOP:552	AOP-Wiki
KE:2281	AOP:552	KE in AOP:552	AOP-Wiki
KE:1962	AOP:552	KE in AOP:552	AOP-Wiki
KE:1535	AOP:552	AO in AOP:552	AOP-Wiki
KE:584	AOP:553	MIE in AOP:553	AOP-Wiki
KE:1532	AOP:553	KE in AOP:553	AOP-Wiki
KE:1535	AOP:553	AO in AOP:553	AOP-Wiki
KE:698	AOP:553	KE in AOP:553	AOP-Wiki
KE:2284	AOP:554	KE in AOP:554	AOP-Wiki
KE:1038	AOP:554	MIE in AOP:554	AOP-Wiki
KE:2285	AOP:554	KE in AOP:554	AOP-Wiki
KE:1106	AOP:554	AO in AOP:554	AOP-Wiki
KE:1961	AOP:555	KE in AOP:555	AOP-Wiki
KE:593	AOP:555	MIE in AOP:555	AOP-Wiki
KE:1962	AOP:555	KE in AOP:555	AOP-Wiki
KE:1535	AOP:555	AO in AOP:555	AOP-Wiki
KE:2283	AOP:555	KE in AOP:555	AOP-Wiki
KE:1321	AOP:556	KE in AOP:556	AOP-Wiki
KE:389	AOP:556	KE in AOP:556	AOP-Wiki
KE:1562	AOP:556	MIE in AOP:556	AOP-Wiki
KE:1532	AOP:556	KE in AOP:556	AOP-Wiki
KE:1535	AOP:556	AO in AOP:556	AOP-Wiki
KE:2287	AOP:556	KE in AOP:556	AOP-Wiki
KE:389	AOP:558	KE in AOP:558	AOP-Wiki
KE:693	AOP:558	KE in AOP:558	AOP-Wiki
KE:2288	AOP:558	MIE in AOP:558	AOP-Wiki
KE:1532	AOP:558	KE in AOP:558	AOP-Wiki
KE:1535	AOP:558	AO in AOP:558	AOP-Wiki
KE:2289	AOP:558	KE in AOP:558	AOP-Wiki
KE:2280	AOP:559	KE in AOP:559	AOP-Wiki
KE:698	AOP:559	KE in AOP:559	AOP-Wiki
KE:1602	AOP:559	KE in AOP:559	AOP-Wiki
KE:1106	AOP:559	AO in AOP:559	AOP-Wiki
KE:12	AOP:559	MIE in AOP:559	AOP-Wiki
KE:2290	AOP:560	MIE in AOP:560	AOP-Wiki
KE:2292	AOP:560	KE in AOP:560	AOP-Wiki
KE:2291	AOP:560	KE in AOP:560	AOP-Wiki
KE:1106	AOP:560	AO in AOP:560	AOP-Wiki
KE:2293	AOP:561	MIE in AOP:561	AOP-Wiki
KE:2294	AOP:561	KE in AOP:561	AOP-Wiki
KE:1076	AOP:561	KE in AOP:561	AOP-Wiki
KE:1065	AOP:561	AO in AOP:561	AOP-Wiki
KE:2251	AOP:561	KE in AOP:561	AOP-Wiki
KE:2291	AOP:562	KE in AOP:562	AOP-Wiki
KE:1106	AOP:562	AO in AOP:562	AOP-Wiki
KE:2292	AOP:562	KE in AOP:562	AOP-Wiki
KE:2295	AOP:562	MIE in AOP:562	AOP-Wiki
KE:2296	AOP:562	KE in AOP:562	AOP-Wiki
KE:2305	AOP:563	AO in AOP:563	AOP-Wiki
KE:1883	AOP:563	KE in AOP:563	AOP-Wiki
KE:944	AOP:563	KE in AOP:563	AOP-Wiki
KE:1262	AOP:563	KE in AOP:563	AOP-Wiki
KE:2124	AOP:563	KE in AOP:563	AOP-Wiki
KE:18	AOP:563	MIE in AOP:563	AOP-Wiki
KE:2151	AOP:564	KE in AOP:564	AOP-Wiki
KE:2300	AOP:564	KE in AOP:564	AOP-Wiki
KE:360	AOP:564	AO in AOP:564	AOP-Wiki
KE:178	AOP:564	KE in AOP:564	AOP-Wiki
KE:566	AOP:564	AO in AOP:564	AOP-Wiki
KE:2302	AOP:564	AO in AOP:564	AOP-Wiki
KE:1541	AOP:564	MIE in AOP:564	AOP-Wiki
KE:40	AOP:564	KE in AOP:564	AOP-Wiki
KE:2299	AOP:564	KE in AOP:564	AOP-Wiki
KE:2301	AOP:564	KE in AOP:564	AOP-Wiki
KE:351	AOP:564	AO in AOP:564	AOP-Wiki
KE:360	AOP:567	AO in AOP:567	AOP-Wiki
KE:1862	AOP:567	KE in AOP:567	AOP-Wiki
KE:1545	AOP:567	KE in AOP:567	AOP-Wiki
KE:2307	AOP:567	MIE in AOP:567	AOP-Wiki
KE:1475	AOP:567	KE in AOP:567	AOP-Wiki
KE:1472	AOP:567	KE in AOP:567	AOP-Wiki
KE:1016	AOP:568	AO in AOP:568	AOP-Wiki
KE:2308	AOP:568	KE in AOP:568	AOP-Wiki
KE:1320	AOP:568	KE in AOP:568	AOP-Wiki
KE:619	AOP:568	MIE in AOP:568	AOP-Wiki
KE:2121	AOP:569	AO in AOP:569	AOP-Wiki
KE:2311	AOP:569	KE in AOP:569	AOP-Wiki
KE:2309	AOP:569	MIE in AOP:569	AOP-Wiki
KE:2195	AOP:569	KE in AOP:569	AOP-Wiki
KE:1115	AOP:569	KE in AOP:569	AOP-Wiki
KE:2310	AOP:569	KE in AOP:569	AOP-Wiki
KE:11008	AOP:572	KE in AOP:572	AOP-Wiki
KE:11010	AOP:572	KE in AOP:572	AOP-Wiki
KE:11007	AOP:572	MIE in AOP:572	AOP-Wiki
KE:1561	AOP:572	AO in AOP:572	AOP-Wiki
KE:11009	AOP:572	KE in AOP:572	AOP-Wiki
KE:2316	AOP:573	AO in AOP:573	AOP-Wiki
KE:1825	AOP:573	KE in AOP:573	AOP-Wiki
KE:1840	AOP:573	MIE in AOP:573	AOP-Wiki
KE:1825	AOP:574	KE in AOP:574	AOP-Wiki
KE:2317	AOP:574	AO in AOP:574	AOP-Wiki
KE:1840	AOP:574	MIE in AOP:574	AOP-Wiki
